country_id,country_name,date,coverage,State of Emergency Declaration,Travel Restrictions,Shelter-in-place Order,Gathering Limitations,Banning Gatherings of a Certain Size,K-12 School Closure,Bar and Dine-in Restaurant Closure,Non-essential Businesses Closure,Public information campaigns,Close public transport,Fiscal measures (USD),Monetary measures (%),Emergency investment in health care (USD),Investment in Vaccines (USD),Testing framework,Contact tracing
ABW,Aruba,03-16-2020,General,,,,,,Required Closing,,,,,,,,,,
ABW,Aruba,03-16-2020,,,Ban on high risk regions,,,,,,,,,,,,,,
ABW,Aruba,03-18-2020,General,,,,,,,,,Has public information campaign,,,,,,,
AFG,Afghanistan,03-02-2020,Targeted,,,,,,Required Closing,,,,,,,,,,
AFG,Afghanistan,03-02-2020,,,Screening,,,,,,,,,,,,,,
AFG,Afghanistan,03-14-2020,General,,,,,,Required Closing,,,,,,,,,,
AFG,Afghanistan,03-14-2020,,,,,,,,,,,25000000.0,,,,,,
AFG,Afghanistan,03-26-2020,Targeted,,,,,,,,Required Closing Workspaces,,,,,,,,
AFG,Afghanistan,03-01-2020,Targeted,,,,Required Cancelling Public Events,,,,,,,,,,,,
AFG,Afghanistan,03-01-2020,General,,,,,,,,,Has public information campaign,,,,,,,
AFG,Afghanistan,03-27-2020,Targeted,,,,,,,,,,Required Closing Public Transport,,,,,,
AFG,Afghanistan,03-24-2020,Targeted,,,Restrict movement,,,,,,,,,,,,,
AFG,Afghanistan,03-12-2020,,,,,,,,,,,15000000.0,,,,,,
AGO,Angola,03-24-2020,,,,,,,Required Closing,,,,,,,,,,
AGO,Angola,03-24-2020,General,,,,,,,,Recommend Closing Workspaces,,,,,,,,
AGO,Angola,03-24-2020,General,,,,Required Cancelling Public Events,,,,,,,,,,,,
AGO,Angola,03-25-2020,General,,,,,,Required Closing,,,,,,,,,,
AGO,Angola,03-27-2020,General,,,,,,,,Required Closing Workspaces,,,,,,,,
AGO,Angola,03-27-2020,General,,,Restrict movement,,,,,,,,,,,,,
AGO,Angola,02-06-2020,,,Quarantine on high-risk regions,,,,,,,,,,,,,,
AGO,Angola,03-01-2020,,,Ban on high risk regions,,,,,,,,,,,,,,
AGO,Angola,04-03-2020,,,,,,,,,,,9000000.0,,,,,,
ARE,United Arab Emirates,03-01-2020,Targeted,,,,,,Required Closing,,,,,,,,,,
ARE,United Arab Emirates,03-01-2020,Targeted,,,,,,,,Recommend Closing Workspaces,,,,,,,,
ARE,United Arab Emirates,03-08-2020,General,,,,,,Required Closing,,,,,,,,,,
ARE,United Arab Emirates,03-25-2020,Targeted,,,,,,,,Required Closing Workspaces,,,,,,,,
ARE,United Arab Emirates,03-29-2020,General,,,,,,,,Required Closing Workspaces,,,,,,,,
ARE,United Arab Emirates,03-15-2020,General,,,,Recommend Cancelling Public Events,,,,,,,,,,,,
ARE,United Arab Emirates,03-16-2020,General,,,,Required Cancelling Public Events,,,,,,,,,,,,
ARE,United Arab Emirates,03-16-2020,,,,,,,,,,,27000000000.0,,,,,,
ARE,United Arab Emirates,03-26-2020,Targeted,,,,,,,,,,Required Closing Public Transport,,,,,,
ARE,United Arab Emirates,03-26-2020,General,,,Restrict movement,,,,,,,,,,,,,
ARE,United Arab Emirates,03-13-2020,Targeted,,,,,,,,,Has public information campaign,,,,,,,
ARE,United Arab Emirates,03-23-2020,General,,,,,,,,,Has public information campaign,,,,,,,
ARE,United Arab Emirates,03-23-2020,General,,,Recommend movement restriction,,,,,,,,,,,,,
ARE,United Arab Emirates,01-23-2020,,,Screening,,,,,,,,,,,,,,
ARE,United Arab Emirates,02-24-2020,,,Ban on high risk regions,,,,,,,,,,,,,,
ARE,United Arab Emirates,03-12-2020,,,,,,,,,,,480000000.0,,,,,,
ARE,United Arab Emirates,04-05-2020,,,,,,,,,,,69694003200.0,,,,,,
ARE,United Arab Emirates,01-01-2020,,,,,,,,,,,1.5,,,,,,
ARG,Argentina,03-16-2020,General,,,,,,Required Closing,,,,,,,,,,
ARG,Argentina,03-16-2020,Targeted,,,,,,,,Required Closing Workspaces,,,,,,,,
ARG,Argentina,03-16-2020,,,Ban on high risk regions,,,,,,,,,,,,,,
ARG,Argentina,03-30-2020,General,,,,,,,,Recommend Closing Workspaces,,,,,,,,
ARG,Argentina,04-09-2020,General,,,,,,,,Required Closing Workspaces,,,,,,,,
ARG,Argentina,03-13-2020,General,,,,Required Cancelling Public Events,,,,,,,,,,,,
ARG,Argentina,03-20-2020,General,,,,,,,,,,Required Closing Public Transport,,,,,,
ARG,Argentina,03-20-2020,General,,,Restrict movement,,,,,,,,,,,,,
ARG,Argentina,01-23-2020,General,,,,,,,,,Has public information campaign,,,,,,,
ARG,Argentina,03-11-2020,,,Quarantine on high-risk regions,,,,,,,,,,,,,,
ARG,Argentina,03-17-2020,,,,,,,,,,,10000000000.0,,,,,,
ARG,Argentina,01-01-2020,,,,,,,,,,,55.0,,,,,,
AUS,Australia,03-22-2020,Targeted,,,,,,Required Closing,,,,,,,,,,
AUS,Australia,03-22-2020,,,,,,,,,,,37998624468.0,,,,,,
AUS,Australia,03-24-2020,Targeted,,,,,,,,Required Closing Workspaces,,,,,,,,
AUS,Australia,03-16-2020,Targeted,,,,Recommend Cancelling Public Events,,,,,,,,,,,,
AUS,Australia,03-18-2020,Targeted,,,,Required Cancelling Public Events,,,,,,,,,,,,
AUS,Australia,03-29-2020,General,,,,Required Cancelling Public Events,,,,,,,,,,,,
AUS,Australia,01-01-2020,Targeted,,,,,,,,,Has public information campaign,,,,,,,
AUS,Australia,01-01-2020,,,,,,,,,,,0.75,,,,,,
AUS,Australia,02-03-2020,General,,,,,,,,,Has public information campaign,,,,,,,
AUS,Australia,03-19-2020,Targeted,,,Restrict movement,,,,,,,,,,,,,
AUS,Australia,02-01-2020,,,Ban on high risk regions,,,,,,,,,,,,,,
AUS,Australia,03-12-2020,,,,,,,,,,,11000000000.0,,,,,,
AUS,Australia,03-30-2020,,,,,,,,,,,80223000000.0,,,,,,
AUT,Austria,03-12-2020,General,,,,,,Required Closing,,,,,,,,,,
AUT,Austria,03-12-2020,General,,,,,,,,Recommend Closing Workspaces,,,,,,,,
AUT,Austria,03-16-2020,General,,,,,,,,Required Closing Workspaces,,,,,,,,
AUT,Austria,03-16-2020,General,,,Restrict movement,,,,,,,,,,,,,
AUT,Austria,03-11-2020,General,,,,Required Cancelling Public Events,,,,,,,,,,,,
AUT,Austria,03-13-2020,General,,,,,,,,,,Recommend Closing Public Transport,,,,,,
AUT,Austria,03-13-2020,Targeted,,,Restrict movement,,,,,,,,,,,,,
AUT,Austria,02-24-2020,General,,,,,,,,,Has public information campaign,,,,,,,
AUT,Austria,03-09-2020,,,Ban on high risk regions,,,,,,,,,,,,,,
AUT,Austria,03-04-2020,,,,,,,,,,,11128806.0,,,,,,
AUT,Austria,03-18-2020,,,,,,,,,,,41182448771.0,,,,,,
BDI,Burundi,04-01-2020,General,,,,,,,,,Has public information campaign,,,,,,,
BDI,Burundi,03-12-2020,,,Quarantine on high-risk regions,,,,,,,,,,,,,,
BDI,Burundi,03-22-2020,,,Ban on high risk regions,,,,,,,,,,,,,,
BEL,Belgium,03-14-2020,General,,,,,,Required Closing,,,,,,,,,,
BEL,Belgium,03-14-2020,General,,,,,,,,Required Closing Workspaces,,,,,,,,
BEL,Belgium,03-14-2020,General,,,,Required Cancelling Public Events,,,,,,,,,,,,
BEL,Belgium,03-13-2020,General,,,,,,,,Recommend Closing Workspaces,,,,,,,,
BEL,Belgium,03-10-2020,General,,,,Recommend Cancelling Public Events,,,,,,,,,,,,
BEL,Belgium,02-06-2020,General,,,,,,,,,Has public information campaign,,,,,,,
BEL,Belgium,03-18-2020,General,,,Restrict movement,,,,,,,,,,,,,
BEL,Belgium,03-04-2020,,,Screening,,,,,,,,,,,,,,
BEL,Belgium,03-17-2020,,,Ban on high risk regions,,,,,,,,,,,,,,
BEL,Belgium,03-20-2020,,,,,,,,,,,9608192466.0,,,,,,
BFA,Burkina Faso,03-16-2020,General,,,,,,Required Closing,,,,,,,,,,
BFA,Burkina Faso,03-16-2020,General,,,Restrict movement,,,,,,,,,,,,,
BFA,Burkina Faso,03-22-2020,Targeted,,,,,,,,Required Closing Workspaces,,,,,,,,
BFA,Burkina Faso,03-12-2020,General,,,,Required Cancelling Public Events,,,,,,,,,,,,
BFA,Burkina Faso,03-12-2020,,,Screening,,,,,,,,,,,,,,
BFA,Burkina Faso,03-21-2020,Targeted,,,,,,,,,,Required Closing Public Transport,,,,,,
BFA,Burkina Faso,04-01-2020,General,,,,,,,,,,Required Closing Public Transport,,,,,,
BFA,Burkina Faso,04-01-2020,,,Quarantine on high-risk regions,,,,,,,,,,,,,,
BFA,Burkina Faso,03-13-2020,General,,,,,,,,,Has public information campaign,,,,,,,
BFA,Burkina Faso,01-01-2020,,,,,,,,,,,4.5,,,,,,
BGD,Bangladesh,03-16-2020,General,,,,,,Required Closing,,,,,,,,,,
BGD,Bangladesh,03-19-2020,Targeted,,,,,,,,Required Closing Workspaces,,,,,,,,
BGD,Bangladesh,03-19-2020,Targeted,,,,Required Cancelling Public Events,,,,,,,,,,,,
BGD,Bangladesh,03-19-2020,Targeted,,,,,,,,,,Required Closing Public Transport,,,,,,
BGD,Bangladesh,03-19-2020,Targeted,,,Restrict movement,,,,,,,,,,,,,
BGD,Bangladesh,03-26-2020,General,,,,,,,,Required Closing Workspaces,,,,,,,,
BGD,Bangladesh,03-26-2020,General,,,Restrict movement,,,,,,,,,,,,,
BGD,Bangladesh,03-21-2020,General,,,,Required Cancelling Public Events,,,,,,,,,,,,
BGD,Bangladesh,01-28-2020,General,,,,,,,,,Has public information campaign,,,,,,,
BGD,Bangladesh,01-22-2020,,,Screening,,,,,,,,,,,,,,
BGD,Bangladesh,02-01-2020,,,Quarantine on high-risk regions,,,,,,,,,,,,,,
BGD,Bangladesh,03-31-2020,,,Ban on high risk regions,,,,,,,,,,,,,,
BGD,Bangladesh,03-25-2020,,,,,,,,,,,589065000.0,,,,,,
BGD,Bangladesh,04-05-2020,,,,,,,,,,,8564857500.0,,,,,,
BGD,Bangladesh,01-01-2020,,,,,,,,,,,5.5,,,,,,
BGR,Bulgaria,03-05-2020,General,,,,,,Required Closing,,,,,,,,,,
BGR,Bulgaria,03-13-2020,General,,,,,,,,Recommend Closing Workspaces,,,,,,,,
BGR,Bulgaria,03-13-2020,General,,,,Required Cancelling Public Events,,,,,,,,,,,,
BGR,Bulgaria,03-13-2020,General,,,Restrict movement,,,,,,,,,,,,,
BGR,Bulgaria,02-11-2020,General,,,,,,,,,Has public information campaign,,,,,,,
BGR,Bulgaria,03-08-2020,,,Screening,,,,,,,,,,,,,,
BGR,Bulgaria,03-18-2020,,,Ban on high risk regions,,,,,,,,,,,,,,
BGR,Bulgaria,03-16-2020,,,,,,,,,,,284000000.0,,,,,,
BGR,Bulgaria,03-19-2020,,,,,,,,,,,5140000000.0,,,,,,
BGR,Bulgaria,04-06-2020,,,,,,,,,,,5500000000.0,,,,,,
BHR,Bahrain,02-25-2020,General,,,,,,Required Closing,,,,,,,,,,
BHR,Bahrain,03-26-2020,General,,,,,,,,Required Closing Workspaces,,,,,,,,
BHR,Bahrain,03-26-2020,General,,,,Required Cancelling Public Events,,,,,,,,,,,,
BLZ,Belize,03-20-2020,General,,,,,,Required Closing,,,,,,,,,,
BLZ,Belize,03-20-2020,General,,,,,,,,Recommend Closing Workspaces,,,,,,,,
BLZ,Belize,03-23-2020,Targeted,,,,,,,,Required Closing Workspaces,,,,,,,,
BLZ,Belize,03-27-2020,General,,,,,,,,Recommend Closing Workspaces,,,,,,,,
BLZ,Belize,03-16-2020,General,,,,Required Cancelling Public Events,,,,,,,,,,,,
BLZ,Belize,02-28-2020,General,,,,,,,,,Has public information campaign,,,,,,,
BLZ,Belize,03-11-2020,,,Screening,,,,,,,,,,,,,,
BLZ,Belize,03-13-2020,,,Quarantine on high-risk regions,,,,,,,,,,,,,,
BLZ,Belize,03-15-2020,,,Ban on high risk regions,,,,,,,,,,,,,,
BLZ,Belize,03-19-2020,,,,,,,,,,,12500000.0,,,,,,
BLZ,Belize,01-01-2020,,,,,,,,,,,2.3,,,,,,
BMU,Bermuda,03-21-2020,General,,,,,,Required Closing,,,,,,,,,,
BMU,Bermuda,03-19-2020,General,,,,,,,,Recommend Closing Workspaces,,,,,,,,
BMU,Bermuda,03-23-2020,General,,,,,,,,Required Closing Workspaces,,,,,,,,
BMU,Bermuda,03-14-2020,Targeted,,,,Recommend Cancelling Public Events,,,,,,,,,,,,
BMU,Bermuda,03-17-2020,General,,,,Required Cancelling Public Events,,,,,,,,,,,,
BMU,Bermuda,03-20-2020,General,,,,,,,,,,Required Closing Public Transport,,,,,,
BMU,Bermuda,01-22-2020,General,,,,,,,,,Has public information campaign,,,,,,,
BMU,Bermuda,03-25-2020,Targeted,,,Restrict movement,,,,,,,,,,,,,
BMU,Bermuda,03-26-2020,General,,,Restrict movement,,,,,,,,,,,,,
BMU,Bermuda,02-07-2020,,,Ban on high risk regions,,,,,,,,,,,,,,
BOL,Bolivia,03-13-2020,General,,,,,,Required Closing,,,,,,,,,,
BOL,Bolivia,03-13-2020,Targeted,,,,,,,,,Has public information campaign,,,,,,,
BOL,Bolivia,03-16-2020,Targeted,,,,,,,,Required Closing Workspaces,,,,,,,,
BOL,Bolivia,03-16-2020,Targeted,,,,,,,,,,Required Closing Public Transport,,,,,,
BOL,Bolivia,03-18-2020,General,,,,,,,,Recommend Closing Workspaces,,,,,,,,
BOL,Bolivia,03-18-2020,General,,,,,,,,,,Required Closing Public Transport,,,,,,
BOL,Bolivia,03-20-2020,Targeted,,,,,,,,Required Closing Workspaces,,,,,,,,
BOL,Bolivia,03-20-2020,Targeted,,,Restrict movement,,,,,,,,,,,,,
BOL,Bolivia,03-12-2020,General,,,,Required Cancelling Public Events,,,,,,,,,,,,
BOL,Bolivia,03-14-2020,,,Ban on high risk regions,,,,,,,,,,,,,,
BRA,Brazil,03-12-2020,Targeted,,,,,,Required Closing,,,,,,,,,,
BRA,Brazil,03-12-2020,Targeted,,,,Required Cancelling Public Events,,,,,,,,,,,,
BRA,Brazil,03-13-2020,Targeted,,,,,,,,Recommend Closing Workspaces,,,,,,,,
BRA,Brazil,03-13-2020,,,Quarantine on high-risk regions,,,,,,,,,,,,,,
BRA,Brazil,03-17-2020,Targeted,,,,,,,,Required Closing Workspaces,,,,,,,,
BRA,Brazil,03-17-2020,Targeted,,,Restrict movement,,,,,,,,,,,,,
BRA,Brazil,03-19-2020,Targeted,,,,,,,,,,Recommend Closing Public Transport,,,,,,
BRA,Brazil,03-19-2020,,,Ban on high risk regions,,,,,,,,,,,,,,
BRA,Brazil,03-21-2020,Targeted,,,,,,,,,,Required Closing Public Transport,,,,,,
BRA,Brazil,03-02-2020,General,,,,,,,,,Has public information campaign,,,,,,,
BRA,Brazil,03-15-2020,Targeted,,,Recommend movement restriction,,,,,,,,,,,,,
BRA,Brazil,03-18-2020,,,,,,,,,,,32243799400.0,,,,,,
BRA,Brazil,04-01-2020,,,,,,,,,,,117839000000.0,,,,,,
BRA,Brazil,01-01-2020,,,,,,,,,,,4.5,,,,,,
BRB,Barbados,03-25-2020,General,,,,,,Required Closing,,,,,,,,,,
BRB,Barbados,03-28-2020,General,,,,,,,,Required Closing Workspaces,,,,,,,,
BRB,Barbados,03-17-2020,General,,,,Required Cancelling Public Events,,,,,,,,,,,,
BRB,Barbados,03-17-2020,Targeted,,,Restrict movement,,,,,,,,,,,,,
BRB,Barbados,01-22-2020,General,,,,,,,,,Has public information campaign,,,,,,,
BRB,Barbados,03-16-2020,Targeted,,,Recommend movement restriction,,,,,,,,,,,,,
BRB,Barbados,04-03-2020,General,,,Restrict movement,,,,,,,,,,,,,
BRB,Barbados,03-07-2020,,,Quarantine on high-risk regions,,,,,,,,,,,,,,
BRN,Brunei,03-11-2020,General,,,,,,Required Closing,,,,,,,,,,
BRN,Brunei,03-13-2020,General,,,,Required Cancelling Public Events,,,,,,,,,,,,
BRN,Brunei,01-06-2020,General,,,,,,,,,Has public information campaign,,,,,,,
BRN,Brunei,01-21-2020,,,Screening,,,,,,,,,,,,,,
BRN,Brunei,01-30-2020,,,Ban on high risk regions,,,,,,,,,,,,,,
BRN,Brunei,04-01-2020,,,,,,,,,,,313627228.0,,,,,,
BRN,Brunei,01-01-2020,,,,,,,,,,,5.5,,,,,,
BWA,Botswana,03-20-2020,General,,,,,,Required Closing,,,,,,,,,,
BWA,Botswana,04-02-2020,General,,,,,,,,Required Closing Workspaces,,,,,,,,
BWA,Botswana,04-02-2020,General,,,,,,,,,,Required Closing Public Transport,,,,,,
BWA,Botswana,04-02-2020,General,,,Restrict movement,,,,,,,,,,,,,
BWA,Botswana,03-16-2020,General,,,,Required Cancelling Public Events,,,,,,,,,,,,
BWA,Botswana,03-16-2020,,,Ban on high risk regions,,,,,,,,,,,,,,
BWA,Botswana,03-25-2020,General,,,,,,,,,,Recommend Closing Public Transport,,,,,,
BWA,Botswana,01-01-2020,General,,,,,,,,,Has public information campaign,,,,,,,
BWA,Botswana,01-01-2020,,,Screening,,,,,,,,,,,,,,
BWA,Botswana,01-01-2020,,,,,,,,,,,4.75,,,,,,
BWA,Botswana,03-27-2020,,,,,,,,,,,176163091.0,,,,,,
CAN,Canada,03-16-2020,Targeted,,,,,,Required Closing,,,,,,,,,,
CAN,Canada,03-20-2020,General,,,,,,Required Closing,,,,,,,,,,
CAN,Canada,03-20-2020,Targeted,,,Restrict movement,,,,,,,,,,,,,
CAN,Canada,03-18-2020,Targeted,,,,,,,,Required Closing Workspaces,,,,,,,,
CAN,Canada,03-18-2020,,,Ban on high risk regions,,,,,,,,,,,,,,
CAN,Canada,03-18-2020,,,,,,,,,,,367000000.0,,,,,,
CAN,Canada,04-01-2020,General,,,,,,,,Required Closing Workspaces,,,,,,,,
CAN,Canada,03-12-2020,Targeted,,,,Required Cancelling Public Events,,,,,,,,,,,,
CAN,Canada,03-31-2020,General,,,,Required Cancelling Public Events,,,,,,,,,,,,
CAN,Canada,03-11-2020,General,,,,,,,,,Has public information campaign,,,,,,,
CAN,Canada,03-11-2020,,,,,,,,,,,11000000.0,,,,,,
CAN,Canada,01-22-2020,,,Screening,,,,,,,,,,,,,,
CAN,Canada,01-01-2020,,,,,,,,,,,1.75,,,,,,
CHE,Switzerland,03-13-2020,General,,,,,,Required Closing,,,,,,,,,,
CHE,Switzerland,03-13-2020,,,Ban on high risk regions,,,,,,,,,,,,,,
CHE,Switzerland,03-13-2020,,,,,,,,,,,10490000000.0,,,,,,
CHE,Switzerland,03-17-2020,General,,,,,,,,Required Closing Workspaces,,,,,,,,
CHE,Switzerland,03-17-2020,General,,,,Required Cancelling Public Events,,,,,,,,,,,,
CHE,Switzerland,02-28-2020,General,,,,Recommend Cancelling Public Events,,,,,,,,,,,,
CHE,Switzerland,03-03-2020,General,,,,,,,,,Has public information campaign,,,,,,,
CHE,Switzerland,03-23-2020,General,,,Recommend movement restriction,,,,,,,,,,,,,
CHE,Switzerland,03-20-2020,,,,,,,,,,,33020000000.0,,,,,,
CHE,Switzerland,01-01-2020,,,,,,,,,,,-0.75,,,,,,
CHL,Chile,03-15-2020,General,,,,,,Required Closing,,,,,,,,,,
CHL,Chile,03-16-2020,General,,,,,,,,Recommend Closing Workspaces,,,,,,,,
CHL,Chile,03-16-2020,Targeted,,,,Required Cancelling Public Events,,,,,,,,,,,,
CHL,Chile,03-22-2020,,,,,,,,,,,Required Closing Public Transport,,,,,,
CHL,Chile,04-01-2020,General,,,,,,,,,,No measures,,,,,,
CHL,Chile,04-01-2020,,,,,,,,,,,11750.0,,,,,,
CHL,Chile,03-14-2020,General,,,,,,,,,Has public information campaign,,,,,,,
CHL,Chile,03-25-2020,Targeted,,,Restrict movement,,,,,,,,,,,,,
CHL,Chile,03-18-2020,,,Ban on high risk regions,,,,,,,,,,,,,,
CHN,China,01-26-2020,General,,,,,,Required Closing,,,,,,,,,,
CHN,China,01-26-2020,General,,,,,,,,Required Closing Workspaces,,,,,,,,
CHN,China,01-20-2020,Targeted,,,,Recommend Cancelling Public Events,,,,,,,,,,,,
CHN,China,01-20-2020,Targeted,,,,,,,,,Has public information campaign,,,,,,,
CHN,China,01-23-2020,Targeted,,,,Required Cancelling Public Events,,,,,,,,,,,,
CHN,China,01-23-2020,Targeted,,,,,,,,,,Required Closing Public Transport,,,,,,
CHN,China,01-23-2020,Targeted,,,Restrict movement,,,,,,,,,,,,,
CHN,China,03-28-2020,General,,,,,,,,,,No measures,,,,,,
CHN,China,01-22-2020,General,,,,,,,,,Has public information campaign,,,,,,,
CHN,China,02-25-2020,,,Quarantine on high-risk regions,,,,,,,,,,,,,,
CHN,China,03-26-2020,,,Ban on high risk regions,,,,,,,,,,,,,,
CHN,China,01-31-2020,,,,,,,,,,,42780000000.0,,,,,,
CHN,China,02-01-2020,,,,,,,,,,,476000000000.0,,,,,,
CHN,China,01-01-2020,,,,,,,,,,,4.15,,,,,,
CMR,Cameroon,03-18-2020,General,,,,,,Required Closing,,,,,,,,,,
CMR,Cameroon,03-18-2020,General,,,,Required Cancelling Public Events,,,,,,,,,,,,
CMR,Cameroon,03-18-2020,General,,,,,,,,,,Recommend Closing Public Transport,,,,,,
CMR,Cameroon,03-18-2020,General,,,Recommend movement restriction,,,,,,,,,,,,,
CMR,Cameroon,03-18-2020,,,Ban on high risk regions,,,,,,,,,,,,,,
CMR,Cameroon,04-04-2020,General,,,,,,,,,Has public information campaign,,,,,,,
CMR,Cameroon,03-13-2020,,,Screening,,,,,,,,,,,,,,
COD,Democratic Republic of Congo,03-19-2020,General,,,,,,Required Closing,,,,,,,,,,
COD,Democratic Republic of Congo,03-19-2020,Targeted,,,,,,,,Required Closing Workspaces,,,,,,,,
COD,Democratic Republic of Congo,03-19-2020,Targeted,,,,Required Cancelling Public Events,,,,,,,,,,,,
COD,Democratic Republic of Congo,03-19-2020,General,,,,,,,,,Has public information campaign,,,,,,,
COD,Democratic Republic of Congo,03-22-2020,Targeted,,,,,,,,,,Recommend Closing Public Transport,,,,,,
COD,Democratic Republic of Congo,03-18-2020,Targeted,,,Restrict movement,,,,,,,,,,,,,
COD,Democratic Republic of Congo,03-24-2020,General,,,Restrict movement,,,,,,,,,,,,,
COD,Democratic Republic of Congo,02-20-2020,,,Screening,,,,,,,,,,,,,,
COD,Democratic Republic of Congo,03-06-2020,,,Quarantine on high-risk regions,,,,,,,,,,,,,,
COD,Democratic Republic of Congo,03-21-2020,,,Ban on high risk regions,,,,,,,,,,,,,,
COL,Colombia,03-16-2020,General,,,,,,Required Closing,,,,,,,,,,
COL,Colombia,02-24-2020,General,,,,,,,,Recommend Closing Workspaces,,,,,,,,
COL,Colombia,02-24-2020,General,,,,,,,,,Has public information campaign,,,,,,,
COL,Colombia,03-25-2020,General,,,,,,,,Required Closing Workspaces,,,,,,,,
COL,Colombia,03-25-2020,Targeted,,,,,,,,,,Required Closing Public Transport,,,,,,
COL,Colombia,03-25-2020,General,,,Restrict movement,,,,,,,,,,,,,
COL,Colombia,03-17-2020,General,,,,Required Cancelling Public Events,,,,,,,,,,,,
COL,Colombia,03-23-2020,,,Ban on high risk regions,,,,,,,,,,,,,,
COL,Colombia,03-27-2020,,,,,,,,,,,17000000000.0,,,,,,
COL,Colombia,01-01-2020,,,,,,,,,,,4.25,,,,,,
CRI,Costa Rica,03-12-2020,General,,,,,,Required Closing,,,,,,,,,,
CRI,Costa Rica,03-10-2020,General,,,,,,,,Required Closing Workspaces,,,,,,,,
CRI,Costa Rica,03-10-2020,General,,,,Required Cancelling Public Events,,,,,,,,,,,,
CRI,Costa Rica,04-03-2020,General,,,,,,,,,,Required Closing Public Transport,,,,,,
CRI,Costa Rica,03-11-2020,General,,,,,,,,,Has public information campaign,,,,,,,
CRI,Costa Rica,03-24-2020,General,,,Restrict movement,,,,,,,,,,,,,
CRI,Costa Rica,03-18-2020,,,Ban on high risk regions,,,,,,,,,,,,,,
CUB,Cuba,03-20-2020,General,,,,,,,,Recommend Closing Workspaces,,,,,,,,
CUB,Cuba,03-20-2020,General,,,,Required Cancelling Public Events,,,,,,,,,,,,
CUB,Cuba,03-20-2020,General,,,Restrict movement,,,,,,,,,,,,,
CUB,Cuba,03-20-2020,,,Ban on high risk regions,,,,,,,,,,,,,,
CUB,Cuba,01-28-2020,General,,,,,,,,,Has public information campaign,,,,,,,
CZE,Czech Republic,03-11-2020,General,,,,,,Required Closing,,,,,,,,,,
CZE,Czech Republic,03-11-2020,General,,,,Required Cancelling Public Events,,,,,,,,,,,,
CZE,Czech Republic,03-14-2020,Targeted,,,,,,,,Required Closing Workspaces,,,,,,,,
CZE,Czech Republic,03-19-2020,Targeted,,,,,,,,,,Required Closing Public Transport,,,,,,
CZE,Czech Republic,03-21-2020,General,,,,,,,,,,Required Closing Public Transport,,,,,,
CZE,Czech Republic,03-06-2020,General,,,,,,,,,Has public information campaign,,,,,,,
CZE,Czech Republic,03-16-2020,General,,,Restrict movement,,,,,,,,,,,,,
CZE,Czech Republic,03-16-2020,,,Ban on high risk regions,,,,,,,,,,,,,,
CZE,Czech Republic,03-07-2020,,,Quarantine on high-risk regions,,,,,,,,,,,,,,
CZE,Czech Republic,03-17-2020,,,,,,,,,,,4053313388.41,,,,,,
CZE,Czech Republic,03-17-2020,,,,,,,,,,,1.75,,,,,,
DEU,Germany,03-16-2020,General,,,,,,Required Closing,,,,,,,,,,
DEU,Germany,03-16-2020,,,Ban on high risk regions,,,,,,,,,,,,,,
DEU,Germany,03-22-2020,General,,,,,,,,Recommend Closing Workspaces,,,,,,,,
DEU,Germany,03-22-2020,General,,,Restrict movement,,,,,,,,,,,,,
DEU,Germany,02-29-2020,General,,,,Recommend Cancelling Public Events,,,,,,,,,,,,
DEU,Germany,03-10-2020,Targeted,,,,Required Cancelling Public Events,,,,,,,,,,,,
DEU,Germany,03-20-2020,General,,,,Required Cancelling Public Events,,,,,,,,,,,,
DEU,Germany,03-20-2020,Targeted,,,Restrict movement,,,,,,,,,,,,,
DEU,Germany,02-27-2020,General,,,,,,,,,Has public information campaign,,,,,,,
DEU,Germany,03-18-2020,General,,,Recommend movement restriction,,,,,,,,,,,,,
DEU,Germany,02-28-2020,,,Screening,,,,,,,,,,,,,,
DEU,Germany,03-23-2020,,,,,,,,,,,68442949672.71,,,,,,
DJI,Djibouti,03-19-2020,General,,,,,,Required Closing,,,,,,,,,,
DJI,Djibouti,03-22-2020,General,,,,,,,,Required Closing Workspaces,,,,,,,,
DJI,Djibouti,03-22-2020,General,,,,,,,,,,Recommend Closing Public Transport,,,,,,
DJI,Djibouti,03-23-2020,General,,,,Required Cancelling Public Events,,,,,,,,,,,,
DJI,Djibouti,03-23-2020,General,,,Restrict movement,,,,,,,,,,,,,
DJI,Djibouti,03-18-2020,General,,,,,,,,,Has public information campaign,,,,,,,
DJI,Djibouti,03-18-2020,,,Ban on high risk regions,,,,,,,,,,,,,,
DJI,Djibouti,03-31-2020,,,,,,,,,,,5650000.0,,,,,,
DJI,Djibouti,01-01-2020,,,,,,,,,,,11.2,,,,,,
DNK,Denmark,03-13-2020,General,,,,,,Required Closing,,,,,,,,,,
DNK,Denmark,03-13-2020,General,,,,,,,,Required Closing Workspaces,,,,,,,,
DNK,Denmark,03-13-2020,General,,,Restrict movement,,,,,,,,,,,,,
DNK,Denmark,03-13-2020,,,,,,,,,,,1112519985.92,,,,,,
DNK,Denmark,03-06-2020,General,,,,Recommend Cancelling Public Events,,,,,,,,,,,,
DNK,Denmark,03-06-2020,General,,,Recommend movement restriction,,,,,,,,,,,,,
DNK,Denmark,03-18-2020,General,,,,Required Cancelling Public Events,,,,,,,,,,,,
DNK,Denmark,03-10-2020,General,,,,,,,,,,Recommend Closing Public Transport,,,,,,
DNK,Denmark,03-12-2020,General,,,,,,,,,Has public information campaign,,,,,,,
DNK,Denmark,03-03-2020,Targeted,,,Recommend movement restriction,,,,,,,,,,,,,
DNK,Denmark,03-03-2020,,,Quarantine on high-risk regions,,,,,,,,,,,,,,
DNK,Denmark,03-11-2020,,,Ban on high risk regions,,,,,,,,,,,,,,
DNK,Denmark,03-26-2020,,,,,,,,,,,42066226711.27,,,,,,
DNK,Denmark,01-01-2020,,,,,,,,,,,-0.75,,,,,,
DNK,Denmark,03-19-2020,,,,,,,,,,,-0.6,,,,,,
DOM,Dominican Republic,03-09-2020,General,,,,,,Recommend Closing,,,,,,,,,,
DOM,Dominican Republic,03-19-2020,General,,,,,,,,Recommend Closing Workspaces,,,,,,,,
DOM,Dominican Republic,03-18-2020,General,,,,Required Cancelling Public Events,,,,,,,,,,,,
DOM,Dominican Republic,03-28-2020,Targeted,,,,,,,,,,Required Closing Public Transport,,,,,,
DOM,Dominican Republic,03-02-2020,General,,,,,,,,,Has public information campaign,,,,,,,
DOM,Dominican Republic,03-20-2020,General,,,Restrict movement,,,,,,,,,,,,,
DOM,Dominican Republic,03-16-2020,,,Ban on high risk regions,,,,,,,,,,,,,,
DOM,Dominican Republic,03-17-2020,,,,,,,,,,,1.0,,,,,,
DOM,Dominican Republic,01-01-2020,,,,,,,,,,,4.5,,,,,,
DZA,Algeria,03-12-2020,General,,,,,,Required Closing,,,,,,,,,,
DZA,Algeria,03-12-2020,,,Screening,,,,,,,,,,,,,,
DZA,Algeria,03-22-2020,Targeted,,,,,,,,Required Closing Workspaces,,,,,,,,
DZA,Algeria,03-22-2020,Targeted,,,,,,,,,,Required Closing Public Transport,,,,,,
DZA,Algeria,03-18-2020,General,,,,Required Cancelling Public Events,,,,,,,,,,,,
DZA,Algeria,03-23-2020,Targeted,,,Restrict movement,,,,,,,,,,,,,
DZA,Algeria,03-20-2020,,,Ban on high risk regions,,,,,,,,,,,,,,
DZA,Algeria,01-01-2020,,,,,,,,,,,3.75,,,,,,
ECU,Ecuador,03-13-2020,General,,,,,,Required Closing,,,,,,,,,,
ECU,Ecuador,03-13-2020,General,,,,Required Cancelling Public Events,,,,,,,,,,,,
ECU,Ecuador,03-17-2020,General,,,,,,,,Required Closing Workspaces,,,,,,,,
ECU,Ecuador,03-17-2020,General,,,,,,,,,,Required Closing Public Transport,,,,,,
ECU,Ecuador,03-17-2020,General,,,Restrict movement,,,,,,,,,,,,,
ECU,Ecuador,01-26-2020,General,,,,,,,,,Has public information campaign,,,,,,,
ECU,Ecuador,03-02-2020,,,Screening,,,,,,,,,,,,,,
ECU,Ecuador,03-15-2020,,,Ban on high risk regions,,,,,,,,,,,,,,
ECU,Ecuador,03-19-2020,,,,,,,,,,,50114000.0,,,,,,
EGY,Egypt,03-19-2020,General,,,,,,Required Closing,,,,,,,,,,
EGY,Egypt,03-19-2020,General,,,,Required Cancelling Public Events,,,,,,,,,,,,
EGY,Egypt,03-19-2020,General,,,,,,,,,,Required Closing Public Transport,,,,,,
EGY,Egypt,03-19-2020,General,,,Restrict movement,,,,,,,,,,,,,
EGY,Egypt,03-19-2020,,,Ban on high risk regions,,,,,,,,,,,,,,
EGY,Egypt,03-16-2020,Targeted,,,,,,,,Required Closing Workspaces,,,,,,,,
EGY,Egypt,04-09-2020,General,,,,,,,,Required Closing Workspaces,,,,,,,,
EGY,Egypt,03-24-2020,General,,,,,,,,,Has public information campaign,,,,,,,
EGY,Egypt,03-21-2020,,,,,,,,,,,1269384280.0,,,,,,
EGY,Egypt,01-01-2020,,,,,,,,,,,12.25,,,,,,
ESP,Spain,03-09-2020,Targeted,,,,,,Required Closing,,,,,,,,,,
ESP,Spain,03-09-2020,Targeted,,,,,,,,Recommend Closing Workspaces,,,,,,,,
ESP,Spain,03-09-2020,General,,,Recommend movement restriction,,,,,,,,,,,,,
ESP,Spain,03-16-2020,General,,,,,,Required Closing,,,,,,,,,,
ESP,Spain,03-14-2020,Targeted,,,,,,,,Required Closing Workspaces,,,,,,,,
ESP,Spain,03-14-2020,General,,,,Required Cancelling Public Events,,,,,,,,,,,,
ESP,Spain,03-14-2020,General,,,Restrict movement,,,,,,,,,,,,,
ESP,Spain,04-03-2020,General,,,,,,,,Required Closing Workspaces,,,,,,,,
ESP,Spain,03-10-2020,Targeted,,,,Required Cancelling Public Events,,,,,,,,,,,,
ESP,Spain,03-10-2020,,,Ban on high risk regions,,,,,,,,,,,,,,
ESP,Spain,03-15-2020,General,,,,,,,,,,Recommend Closing Public Transport,,,,,,
ESP,Spain,01-31-2020,General,,,,,,,,,Has public information campaign,,,,,,,
ESP,Spain,03-12-2020,,,,,,,,,,,15999493380.0,,,,,,
ESP,Spain,03-17-2020,,,,,,,,,,,238509566500.0,,,,,,
EST,Estonia,03-06-2020,Targeted,,,,,,Required Closing,,,,,,,,,,
EST,Estonia,03-12-2020,General,,,,,,Required Closing,,,,,,,,,,
EST,Estonia,03-25-2020,General,,,,,,,,Required Closing Workspaces,,,,,,,,
EST,Estonia,03-25-2020,General,,,,Required Cancelling Public Events,,,,,,,,,,,,
EST,Estonia,03-25-2020,General,,,,,,,,,Has public information campaign,,,,,,,
EST,Estonia,03-25-2020,General,,,Recommend movement restriction,,,,,,,,,,,,,
EST,Estonia,03-25-2020,,,Ban on high risk regions,,,,,,,,,,,,,,
EST,Estonia,03-25-2020,,,,,,,,,,,2160000000.0,,,,,,
EST,Estonia,03-26-2020,Targeted,,,Restrict movement,,,,,,,,,,,,,
FIN,Finland,03-18-2020,General,,,,,,Required Closing,,,,,,,,,,
FIN,Finland,03-18-2020,General,,,,Required Cancelling Public Events,,,,,,,,,,,,
FIN,Finland,03-18-2020,,,Quarantine on high-risk regions,,,,,,,,,,,,,,
FIN,Finland,03-12-2020,General,,,,,,,,Recommend Closing Workspaces,,,,,,,,
FIN,Finland,03-12-2020,General,,,,Recommend Cancelling Public Events,,,,,,,,,,,,
FIN,Finland,03-16-2020,General,,,,,,,,Required Closing Workspaces,,,,,,,,
FIN,Finland,03-16-2020,General,,,Recommend movement restriction,,,,,,,,,,,,,
FIN,Finland,03-20-2020,General,,,,,,,,,,Recommend Closing Public Transport,,,,,,
FIN,Finland,03-04-2020,General,,,,,,,,,Has public information campaign,,,,,,,
FIN,Finland,03-28-2020,Targeted,,,Restrict movement,,,,,,,,,,,,,
FIN,Finland,03-19-2020,,,Ban on high risk regions,,,,,,,,,,,,,,
FIN,Finland,03-19-2020,,,,,,,,,,,536507.0,,,,,,
FRA,France,03-03-2020,General,,,,,,Recommend Closing,,,,,,,,,,
FRA,France,03-16-2020,General,,,,,,Required Closing,,,,,,,,,,
FRA,France,03-16-2020,Targeted,,,,,,,,,,Required Closing Public Transport,,,,,,
FRA,France,03-17-2020,General,,,,,,,,Required Closing Workspaces,,,,,,,,
FRA,France,03-17-2020,General,,,Restrict movement,,,,,,,,,,,,,
FRA,France,02-29-2020,General,,,,Required Cancelling Public Events,,,,,,,,,,,,
FRA,France,01-24-2020,Targeted,,,,,,,,,Has public information campaign,,,,,,,
FRA,France,02-25-2020,General,,,,,,,,,Has public information campaign,,,,,,,
FRA,France,01-23-2020,,,Screening,,,,,,,,,,,,,,
FRA,France,01-31-2020,,,Quarantine on high-risk regions,,,,,,,,,,,,,,
FRA,France,03-18-2020,,,Ban on high risk regions,,,,,,,,,,,,,,
FRA,France,03-18-2020,,,,,,,,,,,48768705000.0,,,,,,
GBR,United Kingdom,03-23-2020,General,,,,,,Required Closing,,,,,,,,,,
GBR,United Kingdom,03-23-2020,General,,,Restrict movement,,,,,,,,,,,,,
GBR,United Kingdom,03-16-2020,General,,,,,,,,Recommend Closing Workspaces,,,,,,,,
GBR,United Kingdom,03-21-2020,Targeted,,,,,,,,Required Closing Workspaces,,,,,,,,
GBR,United Kingdom,03-21-2020,General,,,,Required Cancelling Public Events,,,,,,,,,,,,
GBR,United Kingdom,03-24-2020,General,,,,,,,,Required Closing Workspaces,,,,,,,,
GBR,United Kingdom,03-17-2020,General,,,,Recommend Cancelling Public Events,,,,,,,,,,,,
GBR,United Kingdom,03-17-2020,,,,,,,,,,,420452571128.04,,,,,,
GBR,United Kingdom,01-31-2020,General,,,,,,,,,Has public information campaign,,,,,,,
GBR,United Kingdom,03-22-2020,General,,,Recommend movement restriction,,,,,,,,,,,,,
GBR,United Kingdom,03-11-2020,,,,,,,,,,,32223318564.93,,,,,,
GBR,United Kingdom,01-01-2020,,,,,,,,,,,0.75,,,,,,
GHA,Ghana,03-16-2020,General,,,,,,Required Closing,,,,,,,,,,
GHA,Ghana,03-16-2020,General,,,,Required Cancelling Public Events,,,,,,,,,,,,
GHA,Ghana,03-11-2020,General,,,,,,,,,Has public information campaign,,,,,,,
GHA,Ghana,03-30-2020,Targeted,,,Restrict movement,,,,,,,,,,,,,
GHA,Ghana,01-24-2020,,,Screening,,,,,,,,,,,,,,
GHA,Ghana,03-17-2020,,,Ban on high risk regions,,,,,,,,,,,,,,
GHA,Ghana,03-27-2020,,,,,,,,,,,171969040.0,,,,,,
GHA,Ghana,01-01-2020,,,,,,,,,,,16.0,,,,,,
GRC,Greece,03-05-2020,Targeted,,,,,,Required Closing,,,,,,,,,,
GRC,Greece,03-11-2020,General,,,,,,Required Closing,,,,,,,,,,
GRC,Greece,02-29-2020,Targeted,,,,Required Cancelling Public Events,,,,,,,,,,,,
GRC,Greece,03-09-2020,General,,,,Required Cancelling Public Events,,,,,,,,,,,,
GRC,Greece,02-25-2020,General,,,,,,,,,Has public information campaign,,,,,,,
GRC,Greece,03-21-2020,Targeted,,,Restrict movement,,,,,,,,,,,,,
GRC,Greece,03-23-2020,General,,,Restrict movement,,,,,,,,,,,,,
GRC,Greece,03-16-2020,,,Quarantine on high-risk regions,,,,,,,,,,,,,,
GRC,Greece,03-14-2020,,,,,,,,,,,-0.36,,,,,,
GRC,Greece,03-15-2020,,,,,,,,,,,0.0,,,,,,
GTM,Guatemala,03-15-2020,General,,,,,,Required Closing,,,,,,,,,,
GTM,Guatemala,03-17-2020,General,,,,,,,,Required Closing Workspaces,,,,,,,,
GTM,Guatemala,03-17-2020,General,,,,Required Cancelling Public Events,,,,,,,,,,,,
GTM,Guatemala,03-17-2020,General,,,,,,,,,,Required Closing Public Transport,,,,,,
GTM,Guatemala,03-17-2020,General,,,Restrict movement,,,,,,,,,,,,,
GTM,Guatemala,03-07-2020,General,,,,Recommend Cancelling Public Events,,,,,,,,,,,,
GTM,Guatemala,01-28-2020,General,,,,,,,,,Has public information campaign,,,,,,,
GTM,Guatemala,03-06-2020,Targeted,,,Restrict movement,,,,,,,,,,,,,
GTM,Guatemala,01-21-2020,,,Screening,,,,,,,,,,,,,,
GTM,Guatemala,01-31-2020,,,Quarantine on high-risk regions,,,,,,,,,,,,,,
GTM,Guatemala,03-12-2020,,,Ban on high risk regions,,,,,,,,,,,,,,
GUM,Guam,04-09-2020,General,,,,,,Required Closing,,,,,,,,,,
GUM,Guam,04-09-2020,Targeted,,,,,,,,Required Closing Workspaces,,,,,,,,
GUM,Guam,04-09-2020,General,,,,Required Cancelling Public Events,,,,,,,,,,,,
GUY,Guyana,03-16-2020,General,,,,,,Required Closing,,,,,,,,,,
GUY,Guyana,03-28-2020,Targeted,,,,,,,,Required Closing Workspaces,,,,,,,,
GUY,Guyana,04-03-2020,General,,,,,,,,Required Closing Workspaces,,,,,,,,
GUY,Guyana,04-03-2020,General,,,,Required Cancelling Public Events,,,,,,,,,,,,
GUY,Guyana,04-03-2020,General,,,Restrict movement,,,,,,,,,,,,,
GUY,Guyana,03-11-2020,,,,,Recommend Cancelling Public Events,,,,,,,,,,,,
GUY,Guyana,03-11-2020,General,,,,,,,,,Has public information campaign,,,,,,,
GUY,Guyana,03-11-2020,General,,,Recommend movement restriction,,,,,,,,,,,,,
GUY,Guyana,03-31-2020,General,,,,Recommend Cancelling Public Events,,,,,,,,,,,,
GUY,Guyana,01-28-2020,,,Screening,,,,,,,,,,,,,,
GUY,Guyana,03-18-2020,,,Ban on high risk regions,,,,,,,,,,,,,,
GUY,Guyana,03-20-2020,,,,,,,,,,,120000000.0,,,,,,
GUY,Guyana,03-20-2020,,,,,,,,,,,5.0,,,,,,
HKG,Hong Kong,01-25-2020,General,,,,,,Required Closing,,,,,,,,,,
HKG,Hong Kong,01-28-2020,General,,,,,,,,Recommend Closing Workspaces,,,,,,,,
HKG,Hong Kong,01-29-2020,General,,,,,,,,Required Closing Workspaces,,,,,,,,
HKG,Hong Kong,01-26-2020,General,,,,Required Cancelling Public Events,,,,,,,,,,,,
HKG,Hong Kong,01-01-2020,General,,,,,,,,,Has public information campaign,,,,,,,
HKG,Hong Kong,01-01-2020,,,Screening,,,,,,,,,,,,,,
HKG,Hong Kong,01-01-2020,,,,,,,,,,,2.0,,,,,,
HKG,Hong Kong,02-08-2020,General,,,Recommend movement restriction,,,,,,,,,,,,,
HKG,Hong Kong,03-29-2020,General,,,Restrict movement,,,,,,,,,,,,,
HKG,Hong Kong,01-27-2020,,,Ban on high risk regions,,,,,,,,,,,,,,
HKG,Hong Kong,02-21-2020,,,,,,,,,,,2170012300.0,,,,,,
HKG,Hong Kong,02-26-2020,,,,,,,,,,,15397022000.0,,,,,,
HKG,Hong Kong,04-08-2020,,,,,,,,,,,17737249075.6,,,,,,
HND,Honduras,03-13-2020,General,,,,,,Required Closing,,,,,,,,,,
HND,Honduras,03-13-2020,General,,,,Required Cancelling Public Events,,,,,,,,,,,,
HND,Honduras,04-01-2020,General,,,,,,,,Required Closing Workspaces,,,,,,,,
HND,Honduras,04-01-2020,General,,,,,,,,,,Required Closing Public Transport,,,,,,
HND,Honduras,03-02-2020,General,,,,,,,,,Has public information campaign,,,,,,,
HND,Honduras,03-19-2020,General,,,Restrict movement,,,,,,,,,,,,,
HND,Honduras,03-19-2020,,,,,,,,,,,4.5,,,,,,
HND,Honduras,03-16-2020,,,Ban on high risk regions,,,,,,,,,,,,,,
HND,Honduras,03-27-2020,,,,,,,,,,,420000000.0,,,,,,
HRV,Croatia,03-11-2020,Targeted,,,,,,Recommend Closing,,,,,,,,,,
HRV,Croatia,03-13-2020,General,,,,,,Required Closing,,,,,,,,,,
HRV,Croatia,03-14-2020,Targeted,,,,,,,,Required Closing Workspaces,,,,,,,,
HRV,Croatia,03-18-2020,General,,,,,,,,Required Closing Workspaces,,,,,,,,
HRV,Croatia,03-18-2020,General,,,,Required Cancelling Public Events,,,,,,,,,,,,
HRV,Croatia,03-18-2020,,,,,,,,,,,4214550000.0,,,,,,
HRV,Croatia,03-09-2020,Targeted,,,,Recommend Cancelling Public Events,,,,,,,,,,,,
HRV,Croatia,03-12-2020,General,,,,Recommend Cancelling Public Events,,,,,,,,,,,,
HRV,Croatia,03-21-2020,Targeted,,,,,,,,,,Required Closing Public Transport,,,,,,
HRV,Croatia,03-22-2020,General,,,,,,,,,,Required Closing Public Transport,,,,,,
HRV,Croatia,02-24-2020,General,,,,,,,,,Has public information campaign,,,,,,,
HRV,Croatia,02-29-2020,Targeted,,,Restrict movement,,,,,,,,,,,,,
HRV,Croatia,03-17-2020,General,,,Restrict movement,,,,,,,,,,,,,
HRV,Croatia,02-04-2020,,,Screening,,,,,,,,,,,,,,
HRV,Croatia,03-15-2020,,,Quarantine on high-risk regions,,,,,,,,,,,,,,
HRV,Croatia,03-19-2020,,,Ban on high risk regions,,,,,,,,,,,,,,
HRV,Croatia,01-01-2020,,,,,,,,,,,3.0,,,,,,
HUN,Hungary,03-11-2020,General,,,,,,Required Closing,,,,,,,,,,
HUN,Hungary,03-11-2020,General,,,,Required Cancelling Public Events,,,,,,,,,,,,
HUN,Hungary,03-11-2020,General,,,Recommend movement restriction,,,,,,,,,,,,,
HUN,Hungary,03-16-2020,General,,,,,,,,Recommend Closing Workspaces,,,,,,,,
HUN,Hungary,03-16-2020,General,,,,,,,,,,Recommend Closing Public Transport,,,,,,
HUN,Hungary,02-28-2020,General,,,,,,,,,Has public information campaign,,,,,,,
HUN,Hungary,03-28-2020,General,,,Restrict movement,,,,,,,,,,,,,
HUN,Hungary,03-09-2020,,,Ban on high risk regions,,,,,,,,,,,,,,
HUN,Hungary,04-06-2020,,,,,,,,,,,3989673472.0,,,,,,
HUN,Hungary,01-01-2020,,,,,,,,,,,0.9,,,,,,
IDN,Indonesia,02-02-2020,Targeted,,,,,,Recommend Closing,,,,,,,,,,
IDN,Indonesia,03-13-2020,General,,,,,,Recommend Closing,,,,,,,,,,
IDN,Indonesia,03-13-2020,General,,,Recommend movement restriction,,,,,,,,,,,,,
IDN,Indonesia,03-16-2020,General,,,,,,Required Closing,,,,,,,,,,
IDN,Indonesia,03-16-2020,Targeted,,,,,,,,,,Required Closing Public Transport,,,,,,
IDN,Indonesia,03-15-2020,General,,,,,,,,Recommend Closing Workspaces,,,,,,,,
IDN,Indonesia,03-15-2020,General,,,,Recommend Cancelling Public Events,,,,,,,,,,,,
IDN,Indonesia,03-03-2020,Targeted,,,,Required Cancelling Public Events,,,,,,,,,,,,
IDN,Indonesia,03-23-2020,Targeted,,,,Required Cancelling Public Events,,,,,,,,,,,,
IDN,Indonesia,03-23-2020,Targeted,,,,,,,,,,Required Closing Public Transport,,,,,,
IDN,Indonesia,03-19-2020,General,,,,,,,,,,No measures,,,,,,
IDN,Indonesia,01-18-2020,General,,,,,,,,,Has public information campaign,,,,,,,
IDN,Indonesia,01-15-2020,,,Screening,,,,,,,,,,,,,,
IDN,Indonesia,02-05-2020,,,Ban on high risk regions,,,,,,,,,,,,,,
IDN,Indonesia,04-01-2020,,,,,,,,,,,24650000000.0,,,,,,
IDN,Indonesia,02-20-2020,,,,,,,,,,,4.75,,,,,,
IND,India,03-03-2020,Targeted,,,,,,Required Closing,,,,,,,,,,
IND,India,03-18-2020,General,,,,,,Required Closing,,,,,,,,,,
IND,India,03-16-2020,General,,,,,,,,Recommend Closing Workspaces,,,,,,,,
IND,India,03-16-2020,General,,,,Required Cancelling Public Events,,,,,,,,,,,,
IND,India,03-25-2020,General,,,,,,,,Required Closing Workspaces,,,,,,,,
IND,India,03-25-2020,General,,,Restrict movement,,,,,,,,,,,,,
IND,India,03-05-2020,General,,,,Recommend Cancelling Public Events,,,,,,,,,,,,
IND,India,03-20-2020,Targeted,,,,,,,,,,Required Closing Public Transport,,,,,,
IND,India,03-22-2020,General,,,,,,,,,,Required Closing Public Transport,,,,,,
IND,India,03-22-2020,Targeted,,,Restrict movement,,,,,,,,,,,,,
IND,India,01-31-2020,Targeted,,,,,,,,,Has public information campaign,,,,,,,
IND,India,02-21-2020,General,,,,,,,,,Has public information campaign,,,,,,,
IND,India,03-19-2020,General,,,Recommend movement restriction,,,,,,,,,,,,,
IND,India,03-19-2020,,,,,,,,,,,2600000000.0,,,,,,
IND,India,01-26-2020,,,Screening,,,,,,,,,,,,,,
IND,India,02-05-2020,,,Ban on high risk regions,,,,,,,,,,,,,,
IND,India,03-26-2020,,,,,,,,,,,22660167376.07,,,,,,
IND,India,01-01-2020,,,,,,,,,,,5.15,,,,,,
IRL,Ireland,03-20-2020,General,,,,,,Required Closing,,,,,,,,,,
IRL,Ireland,03-20-2020,General,,,,,,,,Required Closing Workspaces,,,,,,,,
IRL,Ireland,03-20-2020,,,,,Required Cancelling Public Events,,,,,,,,,,,,
IRL,Ireland,03-20-2020,General,,,,,,,,,,Recommend Closing Public Transport,,,,,,
IRL,Ireland,03-09-2020,General,,,,,,,,Recommend Closing Workspaces,,,,,,,,
IRL,Ireland,03-09-2020,,,,,,,,,,,6397171200.0,,,,,,
IRL,Ireland,03-25-2020,General,,,,Recommend Cancelling Public Events,,,,,,,,,,,,
IRL,Ireland,03-26-2020,General,,,,Required Cancelling Public Events,,,,,,,,,,,,
IRL,Ireland,03-27-2020,General,,,,,,,,,,Required Closing Public Transport,,,,,,
IRL,Ireland,02-25-2020,Targeted,,,,,,,,,Has public information campaign,,,,,,,
IRL,Ireland,03-12-2020,General,,,,,,,,,Has public information campaign,,,,,,,
IRN,Iran,02-22-2020,Targeted,,,,,,Required Closing,,,,,,,,,,
IRN,Iran,02-22-2020,Targeted,,,,Required Cancelling Public Events,,,,,,,,,,,,
IRN,Iran,02-26-2020,General,,,,,,Required Closing,,,,,,,,,,
IRN,Iran,02-26-2020,Targeted,,,,,,,,Recommend Closing Workspaces,,,,,,,,
IRN,Iran,02-26-2020,General,,,,,,,,,Has public information campaign,,,,,,,
IRN,Iran,03-13-2020,Targeted,,,,,,,,Required Closing Workspaces,,,,,,,,
IRN,Iran,02-20-2020,Targeted,,,,Recommend Cancelling Public Events,,,,,,,,,,,,
IRN,Iran,02-23-2020,General,,,,,,,,,,Recommend Closing Public Transport,,,,,,
IRN,Iran,02-23-2020,,,,,,,,,,,118750736.0,,,,,,
IRN,Iran,03-05-2020,General,,,Restrict movement,,,,,,,,,,,,,
IRN,Iran,03-28-2020,,,,,,,,,,,23868898736.0,,,,,,
IRQ,Iraq,02-25-2020,Targeted,,,,,,Required Closing,,,,,,,,,,
IRQ,Iraq,02-25-2020,Targeted,,,,Required Cancelling Public Events,,,,,,,,,,,,
IRQ,Iraq,02-27-2020,General,,,,,,Required Closing,,,,,,,,,,
IRQ,Iraq,02-27-2020,General,,,,Required Cancelling Public Events,,,,,,,,,,,,
IRQ,Iraq,03-17-2020,Targeted,,,,,,,,Required Closing Workspaces,,,,,,,,
IRQ,Iraq,03-22-2020,General,,,,,,,,Required Closing Workspaces,,,,,,,,
IRQ,Iraq,03-13-2020,Targeted,,,,,,,,,,Required Closing Public Transport,,,,,,
IRQ,Iraq,02-29-2020,General,,,,,,,,,Has public information campaign,,,,,,,
IRQ,Iraq,02-21-2020,Targeted,,,Restrict movement,,,,,,,,,,,,,
IRQ,Iraq,02-21-2020,,,Ban on high risk regions,,,,,,,,,,,,,,
ISL,Iceland,03-16-2020,Targeted,,,,,,Required Closing,,,,,,,,,,
ISL,Iceland,03-17-2020,General,,,,,,Required Closing,,,,,,,,,,
ISL,Iceland,03-24-2020,General,,,,Required Cancelling Public Events,,,,,,,,,,,,
ISL,Iceland,04-01-2020,General,,,,,,,,,,Recommend Closing Public Transport,,,,,,
ISL,Iceland,01-23-2020,Targeted,,,,,,,,,Has public information campaign,,,,,,,
ISL,Iceland,01-28-2020,General,,,,,,,,,Has public information campaign,,,,,,,
ISL,Iceland,03-19-2020,,,Quarantine on high-risk regions,,,,,,,,,,,,,,
ISL,Iceland,03-21-2020,,,,,,,,,,,1600000000.0,,,,,,
ISL,Iceland,01-01-2020,,,,,,,,,,,3.0,,,,,,
ISR,Israel,03-13-2020,General,,,,,,Required Closing,,,,,,,,,,
ISR,Israel,03-15-2020,General,,,,,,,,Recommend Closing Workspaces,,,,,,,,
ISR,Israel,03-15-2020,General,,,,Required Cancelling Public Events,,,,,,,,,,,,
ISR,Israel,03-18-2020,General,,,,,,,,Required Closing Workspaces,,,,,,,,
ISR,Israel,03-04-2020,General,,,,Recommend Cancelling Public Events,,,,,,,,,,,,
ISR,Israel,03-16-2020,General,,,,,,,,,,Recommend Closing Public Transport,,,,,,
ISR,Israel,03-25-2020,General,,,,,,,,,,Required Closing Public Transport,,,,,,
ISR,Israel,02-09-2020,General,,,,,,,,,Has public information campaign,,,,,,,
ISR,Israel,03-17-2020,General,,,Recommend movement restriction,,,,,,,,,,,,,
ISR,Israel,03-20-2020,General,,,Restrict movement,,,,,,,,,,,,,
ISR,Israel,02-02-2020,,,Ban on high risk regions,,,,,,,,,,,,,,
ISR,Israel,03-08-2020,,,,,,,,,,,1147372000.0,,,,,,
ISR,Israel,03-11-2020,,,,,,,,,,,2535084000.0,,,,,,
ISR,Israel,03-30-2020,,,,,,,,,,,19620000000.0,,,,,,
ISR,Israel,01-01-2020,,,,,,,,,,,0.25,,,,,,
ITA,Italy,02-23-2020,Targeted,,,,,,Required Closing,,,,,,,,,,
ITA,Italy,02-23-2020,Targeted,,,,Required Cancelling Public Events,,,,,,,,,,,,
ITA,Italy,03-04-2020,General,,,,,,Required Closing,,,,,,,,,,
ITA,Italy,02-22-2020,Targeted,,,,,,,,Required Closing Workspaces,,,,,,,,
ITA,Italy,03-10-2020,General,,,,,,,,Required Closing Workspaces,,,,,,,,
ITA,Italy,03-09-2020,General,,,,Required Cancelling Public Events,,,,,,,,,,,,
ITA,Italy,03-09-2020,General,,,Restrict movement,,,,,,,,,,,,,
ITA,Italy,03-11-2020,Targeted,,,,,,,,,,Recommend Closing Public Transport,,,,,,
ITA,Italy,03-20-2020,General,,,,,,,,,,Recommend Closing Public Transport,,,,,,
ITA,Italy,01-31-2020,General,,,,,,,,,Has public information campaign,,,,,,,
ITA,Italy,02-21-2020,Targeted,,,Restrict movement,,,,,,,,,,,,,
ITA,Italy,01-23-2020,,,Screening,,,,,,,,,,,,,,
ITA,Italy,01-30-2020,,,Ban on high risk regions,,,,,,,,,,,,,,
ITA,Italy,02-28-2020,,,,,,,,,,,100000000.0,,,,,,
ITA,Italy,03-01-2020,,,,,,,,,,,4000000000.0,,,,,,
ITA,Italy,03-08-2020,,,,,,,,,,,8500000000.0,,,,,,
ITA,Italy,04-06-2020,,,,,,,,,,,452656343806.0,,,,,,
JOR,Jordan,03-15-2020,General,,,,,,Required Closing,,,,,,,,,,
JOR,Jordan,03-15-2020,,,,,,,,,,,705000000.0,,,,,,
JOR,Jordan,03-21-2020,General,,,,,,,,Required Closing Workspaces,,,,,,,,
JOR,Jordan,03-18-2020,General,,,,Required Cancelling Public Events,,,,,,,,,,,,
JOR,Jordan,03-18-2020,General,,,,,,,,,,Required Closing Public Transport,,,,,,
JOR,Jordan,03-18-2020,General,,,Restrict movement,,,,,,,,,,,,,
JOR,Jordan,03-03-2020,General,,,,,,,,,Has public information campaign,,,,,,,
JOR,Jordan,03-10-2020,,,Ban on high risk regions,,,,,,,,,,,,,,
JPN,Japan,03-02-2020,General,,,,,,Recommend Closing,,,,,,,,,,
JPN,Japan,02-25-2020,General,,,,,,,,Recommend Closing Workspaces,,,,,,,,
JPN,Japan,02-25-2020,General,,,Recommend movement restriction,,,,,,,,,,,,,
JPN,Japan,02-20-2020,General,,,,Recommend Cancelling Public Events,,,,,,,,,,,,
JPN,Japan,02-04-2020,General,,,,,,,,,Has public information campaign,,,,,,,
JPN,Japan,01-07-2020,,,Screening,,,,,,,,,,,,,,
JPN,Japan,03-09-2020,,,Quarantine on high-risk regions,,,,,,,,,,,,,,
JPN,Japan,04-03-2020,,,Ban on high risk regions,,,,,,,,,,,,,,
JPN,Japan,02-13-2020,,,,,,,,,,,81949436.0,,,,,,
JPN,Japan,03-10-2020,,,,,,,,,,,3685314415.0,,,,,,
JPN,Japan,01-01-2020,,,,,,,,,,,-0.1,,,,,,
KAZ,Kazakhstan,03-16-2020,General,,,,,,Required Closing,,,,,,,,,,
KAZ,Kazakhstan,03-16-2020,General,,,,,,,,,Has public information campaign,,,,,,,
KAZ,Kazakhstan,03-16-2020,,,Ban on high risk regions,,,,,,,,,,,,,,
KAZ,Kazakhstan,03-30-2020,Targeted,,,,,,,,Required Closing Workspaces,,,,,,,,
KAZ,Kazakhstan,03-30-2020,,,,,,,,,,,10000000000.0,,,,,,
KAZ,Kazakhstan,03-12-2020,General,,,,Required Cancelling Public Events,,,,,,,,,,,,
KAZ,Kazakhstan,03-19-2020,Targeted,,,,,,,,,,Required Closing Public Transport,,,,,,
KAZ,Kazakhstan,03-19-2020,Targeted,,,Restrict movement,,,,,,,,,,,,,
KAZ,Kazakhstan,03-13-2020,,,Quarantine on high-risk regions,,,,,,,,,,,,,,
KAZ,Kazakhstan,01-01-2020,,,,,,,,,,,9.25,,,,,,
KAZ,Kazakhstan,03-10-2020,,,,,,,,,,,12.0,,,,,,
KEN,Kenya,03-15-2020,General,,,,,,Required Closing,,,,,,,,,,
KEN,Kenya,03-15-2020,,,,,,,,,Recommend Closing Workspaces,,,,,,,,
KEN,Kenya,03-15-2020,,,,,,,,,,,Recommend Closing Public Transport,,,,,,
KEN,Kenya,03-15-2020,,,Ban on high risk regions,,,,,,,,,,,,,,
KEN,Kenya,03-13-2020,General,,,,Required Cancelling Public Events,,,,,,,,,,,,
KEN,Kenya,02-25-2020,General,,,,,,,,,Has public information campaign,,,,,,,
KEN,Kenya,03-26-2020,,,,Restrict movement,,,,,,,,,,,,,
KEN,Kenya,01-20-2020,,,Screening,,,,,,,,,,,,,,
KEN,Kenya,04-06-2020,,,,,,,,,,,18.78,,,,,,
KEN,Kenya,01-01-2020,,,,,,,,,,,9.0,,,,,,
KOR,South Korea,02-03-2020,Targeted,,,,,,Required Closing,,,,,,,,,,
KOR,South Korea,02-03-2020,,,Ban on high risk regions,,,,,,,,,,,,,,
KOR,South Korea,02-23-2020,General,,,,,,Required Closing,,,,,,,,,,
KOR,South Korea,02-23-2020,Targeted,,,Recommend movement restriction,,,,,,,,,,,,,
KOR,South Korea,03-22-2020,Targeted,,,,,,,,Required Closing Workspaces,,,,,,,,
KOR,South Korea,01-31-2020,Targeted,,,,Recommend Cancelling Public Events,,,,,,,,,,,,
KOR,South Korea,02-21-2020,General,,,,Required Cancelling Public Events,,,,,,,,,,,,
KOR,South Korea,01-20-2020,General,,,,,,,,,Has public information campaign,,,,,,,
KOR,South Korea,03-21-2020,General,,,Restrict movement,,,,,,,,,,,,,
KOR,South Korea,02-18-2020,,,,,,,,,,,356000000.0,,,,,,
KOR,South Korea,03-04-2020,,,,,,,,,,,9800000000.0,,,,,,
KOR,South Korea,01-01-2020,,,,,,,,,,,1.25,,,,,,
KWT,Kuwait,03-01-2020,General,,,,,,Required Closing,,,,,,,,,,
KWT,Kuwait,03-11-2020,Targeted,,,,,,,,Required Closing Workspaces,,,,,,,,
KWT,Kuwait,03-11-2020,General,,,,Required Cancelling Public Events,,,,,,,,,,,,
KWT,Kuwait,03-12-2020,General,,,,,,,,,,Required Closing Public Transport,,,,,,
KWT,Kuwait,03-12-2020,General,,,,,,,,,Has public information campaign,,,,,,,
KWT,Kuwait,03-22-2020,General,,,Restrict movement,,,,,,,,,,,,,
KWT,Kuwait,03-22-2020,,,Ban on high risk regions,,,,,,,,,,,,,,
LAO,Laos,03-17-2020,Targeted,,,,,,Required Closing,,,,,,,,,,
LAO,Laos,03-29-2020,General,,,,,,Required Closing,,,,,,,,,,
LAO,Laos,03-29-2020,General,,,,,,,,,,Required Closing Public Transport,,,,,,
LAO,Laos,03-11-2020,General,,,,,,,,Recommend Closing Workspaces,,,,,,,,
LAO,Laos,03-11-2020,General,,,,Required Cancelling Public Events,,,,,,,,,,,,
LAO,Laos,03-31-2020,General,,,,,,,,Required Closing Workspaces,,,,,,,,
LAO,Laos,03-30-2020,General,,,,,,,,,Has public information campaign,,,,,,,
LAO,Laos,03-30-2020,General,,,Restrict movement,,,,,,,,,,,,,
LAO,Laos,03-15-2020,,,Quarantine on high-risk regions,,,,,,,,,,,,,,
LAO,Laos,03-26-2020,,,Ban on high risk regions,,,,,,,,,,,,,,
LAO,Laos,03-20-2020,,,,,,,,,,,11000000.0,,,,,,
LAO,Laos,04-08-2020,,,,,,,,,,,18000000.0,,,,,,
LAO,Laos,01-01-2020,,,,,,,,,,,4.0,,,,,,
LBN,Lebanon,02-28-2020,,,,,,,Recommend Closing,,,,,,,,,,
LBN,Lebanon,02-28-2020,,,Quarantine on high-risk regions,,,,,,,,,,,,,,
LBN,Lebanon,03-01-2020,General,,,,,,Required Closing,,,,,,,,,,
LBN,Lebanon,03-01-2020,,,,,Recommend Cancelling Public Events,,,,,,,,,,,,
LBN,Lebanon,03-12-2020,Targeted,,,,,,,,Recommend Closing Workspaces,,,,,,,,
LBN,Lebanon,03-12-2020,General,,,,Recommend Cancelling Public Events,,,,,,,,,,,,
LBN,Lebanon,03-12-2020,,,Ban on high risk regions,,,,,,,,,,,,,,
LBN,Lebanon,03-18-2020,General,,,,,,,,Required Closing Workspaces,,,,,,,,
LBN,Lebanon,03-18-2020,General,,,,Required Cancelling Public Events,,,,,,,,,,,,
LBN,Lebanon,03-16-2020,General,,,,,,,,,,Required Closing Public Transport,,,,,,
LBN,Lebanon,03-16-2020,General,,,Restrict movement,,,,,,,,,,,,,
LBN,Lebanon,02-21-2020,General,,,,,,,,,Has public information campaign,,,,,,,
LBN,Lebanon,02-13-2020,,,Screening,,,,,,,,,,,,,,
LKA,Sri Lanka,03-13-2020,General,,,,,,Required Closing,,,,,,,,,,
LKA,Sri Lanka,03-16-2020,General,,,,,,,,Required Closing Workspaces,,,,,,,,
LKA,Sri Lanka,03-14-2020,General,,,,Required Cancelling Public Events,,,,,,,,,,,,
LKA,Sri Lanka,03-14-2020,,,Ban on high risk regions,,,,,,,,,,,,,,
LKA,Sri Lanka,03-20-2020,General,,,,,,,,,,Recommend Closing Public Transport,,,,,,
LKA,Sri Lanka,03-23-2020,Targeted,,,,,,,,,,Required Closing Public Transport,,,,,,
LKA,Sri Lanka,03-27-2020,General,,,,,,,,,,Required Closing Public Transport,,,,,,
LKA,Sri Lanka,01-28-2020,General,,,,,,,,,Has public information campaign,,,,,,,
LKA,Sri Lanka,01-26-2020,General,,,Recommend movement restriction,,,,,,,,,,,,,
LKA,Sri Lanka,01-26-2020,,,Screening,,,,,,,,,,,,,,
LKA,Sri Lanka,03-18-2020,Targeted,,,Restrict movement,,,,,,,,,,,,,
LKA,Sri Lanka,03-21-2020,General,,,Restrict movement,,,,,,,,,,,,,
LKA,Sri Lanka,02-24-2020,,,Quarantine on high-risk regions,,,,,,,,,,,,,,
LKA,Sri Lanka,03-19-2020,,,,,,,,,,,500000000.0,,,,,,
LKA,Sri Lanka,01-01-2020,,,,,,,,,,,7.0,,,,,,
LSO,Lesotho,03-18-2020,,,,,,,Required Closing,,,,,,,,,,
LSO,Lesotho,03-18-2020,,,,,,,,,Required Closing Workspaces,,,,,,,,
LSO,Lesotho,03-18-2020,General,,,,Required Cancelling Public Events,,,,,,,,,,,,
LSO,Lesotho,03-18-2020,General,,,,,,,,,Has public information campaign,,,,,,,
LSO,Lesotho,03-18-2020,,,,Restrict movement,,,,,,,,,,,,,
LSO,Lesotho,03-29-2020,,,,,,,,,,,Recommend Closing Public Transport,,,,,,
LSO,Lesotho,03-29-2020,,,Ban on high risk regions,,,,,,,,,,,,,,
LSO,Lesotho,01-30-2020,,,,,,,,,,,6.25,,,,,,
LUX,Luxembourg,03-16-2020,General,,,,,,Required Closing,,,,,,,,,,
LUX,Luxembourg,03-12-2020,General,,,,,,,,Recommend Closing Workspaces,,,,,,,,
LUX,Luxembourg,03-12-2020,General,,,,,,,,,,Recommend Closing Public Transport,,,,,,
LUX,Luxembourg,03-17-2020,General,,,,,,,,Required Closing Workspaces,,,,,,,,
LUX,Luxembourg,03-17-2020,General,,,,Required Cancelling Public Events,,,,,,,,,,,,
LUX,Luxembourg,03-09-2020,Targeted,,,,Recommend Cancelling Public Events,,,,,,,,,,,,
LUX,Luxembourg,03-13-2020,Targeted,,,,Required Cancelling Public Events,,,,,,,,,,,,
LUX,Luxembourg,03-05-2020,General,,,,,,,,,Has public information campaign,,,,,,,
LUX,Luxembourg,03-15-2020,General,,,Restrict movement,,,,,,,,,,,,,
LUX,Luxembourg,03-24-2020,,,,,,,,,,,329281472.0,,,,,,
LUX,Luxembourg,03-25-2020,,,,,,,,,,,9658923079.0,,,,,,
MAC,Macao,01-24-2020,General,,,,,,Recommend Closing,,,,,,,,,,
MAC,Macao,01-29-2020,General,,,,,,Required Closing,,,,,,,,,,
MAC,Macao,02-03-2020,General,,,,,,,,Required Closing Workspaces,,,,,,,,
MAC,Macao,01-23-2020,General,,,,Required Cancelling Public Events,,,,,,,,,,,,
MAC,Macao,01-01-2020,General,,,,,,,,,Has public information campaign,,,,,,,
MAC,Macao,01-01-2020,,,,,,,,,,,2.0,,,,,,
MAC,Macao,02-02-2020,General,,,Recommend movement restriction,,,,,,,,,,,,,
MAC,Macao,01-06-2020,,,Screening,,,,,,,,,,,,,,
MAC,Macao,02-17-2020,,,Quarantine on high-risk regions,,,,,,,,,,,,,,
MAC,Macao,03-18-2020,,,Ban on high risk regions,,,,,,,,,,,,,,
MAC,Macao,03-28-2020,,,,,,,,,,,1252400000.0,,,,,,
MAR,Morocco,03-16-2020,General,,,,,,Required Closing,,,,,,,,,,
MAR,Morocco,03-16-2020,Targeted,,,,,,,,Recommend Closing Workspaces,,,,,,,,
MAR,Morocco,03-19-2020,General,,,,,,,,Required Closing Workspaces,,,,,,,,
MAR,Morocco,03-20-2020,,,,,Required Cancelling Public Events,,,,,,,,,,,,
MAR,Morocco,03-21-2020,Targeted,,,,,,,,,,Required Closing Public Transport,,,,,,
MAR,Morocco,03-04-2020,Targeted,,,,,,,,,Has public information campaign,,,,,,,
MAR,Morocco,03-25-2020,General,,,,,,,,,Has public information campaign,,,,,,,
MAR,Morocco,03-13-2020,Targeted,,,Restrict movement,,,,,,,,,,,,,
MAR,Morocco,03-15-2020,,,Ban on high risk regions,,,,,,,,,,,,,,
MAR,Morocco,01-01-2020,,,,,,,,,,,2.25,,,,,,
MDG,Madagascar,03-21-2020,General,,,,,,Required Closing,,,,,,,,,,
MDG,Madagascar,03-21-2020,General,,,,,,,,Required Closing Workspaces,,,,,,,,
MDG,Madagascar,03-21-2020,General,,,,Required Cancelling Public Events,,,,,,,,,,,,
MDG,Madagascar,03-21-2020,General,,,,,,,,,,Required Closing Public Transport,,,,,,
MDG,Madagascar,03-21-2020,General,,,Restrict movement,,,,,,,,,,,,,
MDG,Madagascar,03-23-2020,General,,,,,,,,,Has public information campaign,,,,,,,
MDG,Madagascar,03-15-2020,,,Ban on high risk regions,,,,,,,,,,,,,,
MDG,Madagascar,04-03-2020,,,,,,,,,,,166000000.0,,,,,,
MDG,Madagascar,01-01-2020,,,,,,,,,,,9.5,,,,,,
MEX,Mexico,03-20-2020,General,,,,,,Required Closing,,,,,,,,,,
MEX,Mexico,03-20-2020,,,Ban on high risk regions,,,,,,,,,,,,,,
MEX,Mexico,03-24-2020,General,,,,,,,,Recommend Closing Workspaces,,,,,,,,
MEX,Mexico,03-24-2020,General,,,,Required Cancelling Public Events,,,,,,,,,,,,
MEX,Mexico,03-24-2020,General,,,,,,,,,Has public information campaign,,,,,,,
MEX,Mexico,03-24-2020,General,,,Restrict movement,,,,,,,,,,,,,
MEX,Mexico,03-30-2020,General,,,,,,,,Required Closing Workspaces,,,,,,,,
MEX,Mexico,03-30-2020,Targeted,,,,,,,,,,Recommend Closing Public Transport,,,,,,
MEX,Mexico,02-28-2020,,,Screening,,,,,,,,,,,,,,
MEX,Mexico,01-01-2020,,,,,,,,,,,7.25,,,,,,
MLI,Mali,03-19-2020,General,,,,,,Required Closing,,,,,,,,,,
MLI,Mali,03-19-2020,General,,,,Required Cancelling Public Events,,,,,,,,,,,,
MLI,Mali,03-19-2020,General,,,,,,,,,Has public information campaign,,,,,,,
MLI,Mali,03-19-2020,,,Ban on high risk regions,,,,,,,,,,,,,,
MLI,Mali,03-25-2020,General,,,,,,,,,,Required Closing Public Transport,,,,,,
MLI,Mali,03-25-2020,General,,,Restrict movement,,,,,,,,,,,,,
MLI,Mali,01-01-2020,,,,,,,,,,,4.0,,,,,,
MMR,Myanmar,03-16-2020,Targeted,,,,,,Recommend Closing,,,,,,,,,,
MMR,Myanmar,03-20-2020,Targeted,,,,,,Required Closing,,,,,,,,,,
MMR,Myanmar,03-26-2020,General,,,,,,,,Required Closing Workspaces,,,,,,,,
MMR,Myanmar,03-13-2020,General,,,,Required Cancelling Public Events,,,,,,,,,,,,
MMR,Myanmar,01-06-2020,Targeted,,,,,,,,,Has public information campaign,,,,,,,
MMR,Myanmar,02-17-2020,General,,,,,,,,,Has public information campaign,,,,,,,
MMR,Myanmar,04-01-2020,Targeted,,,Restrict movement,,,,,,,,,,,,,
MMR,Myanmar,02-01-2020,,,Screening,,,,,,,,,,,,,,
MMR,Myanmar,03-15-2020,,,Quarantine on high-risk regions,,,,,,,,,,,,,,
MMR,Myanmar,03-30-2020,,,Ban on high risk regions,,,,,,,,,,,,,,
MMR,Myanmar,03-18-2020,,,,,,,,,,,69985373.0,,,,,,
MMR,Myanmar,01-01-2020,,,,,,,,,,,13.0,,,,,,
MNG,Mongolia,01-27-2020,General,,,,,,Recommend Closing,,,,,,,,,,
MNG,Mongolia,01-27-2020,General,,,,,,,,Recommend Closing Workspaces,,,,,,,,
MNG,Mongolia,01-27-2020,,,Ban on high risk regions,,,,,,,,,,,,,,
MNG,Mongolia,01-21-2020,General,,,,Required Cancelling Public Events,,,,,,,,,,,,
MNG,Mongolia,02-21-2020,Targeted,,,,,,,,,,Required Closing Public Transport,,,,,,
MNG,Mongolia,02-21-2020,Targeted,,,Restrict movement,,,,,,,,,,,,,
MNG,Mongolia,01-01-2020,General,,,,,,,,,Has public information campaign,,,,,,,
MNG,Mongolia,01-01-2020,,,,,,,,,,,11.0,,,,,,
MNG,Mongolia,04-01-2020,,,,,,,,,,,1.0,,,,,,
MNG,Mongolia,04-02-2020,,,,,,,,,,,2.0,,,,,,
MNG,Mongolia,04-03-2020,,,,,,,,,,,3.0,,,,,,
MNG,Mongolia,04-04-2020,,,,,,,,,,,4.0,,,,,,
MUS,Mauritius,03-19-2020,General,,,,,,Required Closing,,,,,,,,,,
MUS,Mauritius,03-20-2020,General,,,,,,,,Required Closing Workspaces,,,,,,,,
MUS,Mauritius,03-20-2020,General,,,,Required Cancelling Public Events,,,,,,,,,,,,
MUS,Mauritius,03-20-2020,General,,,,,,,,,,Required Closing Public Transport,,,,,,
MUS,Mauritius,03-26-2020,General,,,,,,,,,Has public information campaign,,,,,,,
MUS,Mauritius,03-23-2020,General,,,Restrict movement,,,,,,,,,,,,,
MUS,Mauritius,03-23-2020,,,,,,,,,,,130672834.0,,,,,,
MUS,Mauritius,03-18-2020,,,Ban on high risk regions,,,,,,,,,,,,,,
MUS,Mauritius,03-10-2020,,,,,,,,,,,2.85,,,,,,
MWI,Malawi,03-23-2020,,,,,,,Required Closing,,,,,,,,,,
MWI,Malawi,03-23-2020,,,,,,,,,Required Closing Workspaces,,,,,,,,
MWI,Malawi,04-07-2020,General,,,,,,Required Closing,,,,,,,,,,
MWI,Malawi,04-07-2020,General,,,No measures,,,,,,,,,,,,,
MWI,Malawi,03-20-2020,General,,,,Required Cancelling Public Events,,,,,,,,,,,,
MWI,Malawi,03-20-2020,,,Ban on high risk regions,,,,,,,,,,,,,,
MWI,Malawi,03-07-2020,General,,,,,,,,,Has public information campaign,,,,,,,
MWI,Malawi,04-01-2020,,,,Restrict movement,,,,,,,,,,,,,
MWI,Malawi,03-16-2020,,,Quarantine on high-risk regions,,,,,,,,,,,,,,
MWI,Malawi,01-01-2020,,,,,,,,,,,13.5,,,,,,
MYS,Malaysia,03-18-2020,General,,,,,,Required Closing,,,,,,,,,,
MYS,Malaysia,03-18-2020,General,,,,,,,,Required Closing Workspaces,,,,,,,,
MYS,Malaysia,03-18-2020,General,,,Restrict movement,,,,,,,,,,,,,
MYS,Malaysia,03-07-2020,Targeted,,,,Recommend Cancelling Public Events,,,,,,,,,,,,
MYS,Malaysia,03-12-2020,General,,,,Required Cancelling Public Events,,,,,,,,,,,,
MYS,Malaysia,01-16-2020,General,,,,,,,,,Has public information campaign,,,,,,,
MYS,Malaysia,01-30-2020,,,Ban on high risk regions,,,,,,,,,,,,,,
MYS,Malaysia,02-27-2020,,,,,,,,,,,4500000000.0,,,,,,
MYS,Malaysia,03-27-2020,,,,,,,,,,,57800000000.0,,,,,,
MYS,Malaysia,01-01-2020,,,,,,,,,,,3.0,,,,,,
NAM,Namibia,03-17-2020,General,,,,,,Required Closing,,,,,,,,,,
NAM,Namibia,03-17-2020,General,,,,Required Cancelling Public Events,,,,,,,,,,,,
NAM,Namibia,03-17-2020,General,,,,,,,,,Has public information campaign,,,,,,,
NAM,Namibia,03-17-2020,,,Ban on high risk regions,,,,,,,,,,,,,,
NAM,Namibia,03-27-2020,Targeted,,,Restrict movement,,,,,,,,,,,,,
NAM,Namibia,03-27-2020,,,,,,,,,,,5.25,,,,,,
NAM,Namibia,03-01-2020,,,Screening,,,,,,,,,,,,,,
NAM,Namibia,04-01-2020,,,,,,,,,,,441411500.91,,,,,,
NGA,Nigeria,03-20-2020,Targeted,,,,,,Required Closing,,,,,,,,,,
NGA,Nigeria,03-20-2020,,,Ban on high risk regions,,,,,,,,,,,,,,
NGA,Nigeria,03-23-2020,General,,,,,,Required Closing,,,,,,,,,,
NGA,Nigeria,03-23-2020,Targeted,,,,,,,,,,Required Closing Public Transport,,,,,,
NGA,Nigeria,03-23-2020,Targeted,,,Recommend movement restriction,,,,,,,,,,,,,
NGA,Nigeria,03-18-2020,Targeted,,,,,,,,Recommend Closing Workspaces,,,,,,,,
NGA,Nigeria,03-18-2020,Targeted,,,,Required Cancelling Public Events,,,,,,,,,,,,
NGA,Nigeria,03-18-2020,,,,,,,,,,,3270000000.0,,,,,,
NGA,Nigeria,03-30-2020,Targeted,,,,,,,,Required Closing Workspaces,,,,,,,,
NGA,Nigeria,01-22-2020,General,,,,,,,,,Has public information campaign,,,,,,,
NGA,Nigeria,01-22-2020,,,Screening,,,,,,,,,,,,,,
NGA,Nigeria,03-29-2020,Targeted,,,Restrict movement,,,,,,,,,,,,,
NGA,Nigeria,03-16-2020,,,,,,,,,,,163000000.0,,,,,,
NGA,Nigeria,01-01-2020,,,,,,,,,,,14.0,,,,,,
NIC,Nicaragua,02-25-2020,Targeted,,,,,,,,,Has public information campaign,,,,,,,
NIC,Nicaragua,02-21-2020,,,Screening,,,,,,,,,,,,,,
NLD,Netherlands,03-12-2020,General,,,,,,Recommend Closing,,,,,,,,,,
NLD,Netherlands,03-12-2020,General,,,,,,,,Recommend Closing Workspaces,,,,,,,,
NLD,Netherlands,03-12-2020,General,,,,Required Cancelling Public Events,,,,,,,,,,,,
NLD,Netherlands,03-12-2020,General,,,,,,,,,Has public information campaign,,,,,,,
NLD,Netherlands,03-15-2020,General,,,,,,Required Closing,,,,,,,,,,
NLD,Netherlands,03-15-2020,General,,,,,,,,Required Closing Workspaces,,,,,,,,
NLD,Netherlands,03-15-2020,General,,,Recommend movement restriction,,,,,,,,,,,,,
NLD,Netherlands,03-10-2020,Targeted,,,,Required Cancelling Public Events,,,,,,,,,,,,
NLD,Netherlands,03-09-2020,Targeted,,,,,,,,,Has public information campaign,,,,,,,
NLD,Netherlands,03-06-2020,Targeted,,,Recommend movement restriction,,,,,,,,,,,,,
NLD,Netherlands,03-23-2020,General,,,Restrict movement,,,,,,,,,,,,,
NLD,Netherlands,03-18-2020,,,Ban on high risk regions,,,,,,,,,,,,,,
NLD,Netherlands,03-17-2020,,,,,,,,,,,10976048954.0,,,,,,
NOR,Norway,03-12-2020,General,,,,,,Required Closing,,,,,,,,,,
NOR,Norway,03-12-2020,Targeted,,,,,,,,Required Closing Workspaces,,,,,,,,
NOR,Norway,03-12-2020,General,,,,Required Cancelling Public Events,,,,,,,,,,,,
NOR,Norway,03-10-2020,General,,,,,,,,Recommend Closing Workspaces,,,,,,,,
NOR,Norway,04-07-2020,General,,,,,,,,Required Closing Workspaces,,,,,,,,
NOR,Norway,04-07-2020,General,,,Restrict movement,,,,,,,,,,,,,
NOR,Norway,03-23-2020,General,,,,,,,,,,Recommend Closing Public Transport,,,,,,
NOR,Norway,01-31-2020,General,,,,,,,,,Has public information campaign,,,,,,,
NOR,Norway,03-16-2020,Targeted,,,Restrict movement,,,,,,,,,,,,,
NOR,Norway,03-16-2020,,,,,,,,,,,9729500000.0,,,,,,
NOR,Norway,03-14-2020,,,Quarantine on high-risk regions,,,,,,,,,,,,,,
NOR,Norway,03-15-2020,,,Ban on high risk regions,,,,,,,,,,,,,,
NZL,New Zealand,03-24-2020,Targeted,,,,,,Required Closing,,,,,,,,,,
NZL,New Zealand,03-26-2020,General,,,,,,Required Closing,,,,,,,,,,
NZL,New Zealand,03-26-2020,General,,,,,,,,,,Required Closing Public Transport,,,,,,
NZL,New Zealand,03-26-2020,General,,,Restrict movement,,,,,,,,,,,,,
NZL,New Zealand,03-23-2020,General,,,,,,,,Required Closing Workspaces,,,,,,,,
NZL,New Zealand,03-16-2020,General,,,,Required Cancelling Public Events,,,,,,,,,,,,
NZL,New Zealand,02-29-2020,General,,,,,,,,,Has public information campaign,,,,,,,
NZL,New Zealand,02-02-2020,,,Ban on high risk regions,,,,,,,,,,,,,,
NZL,New Zealand,03-17-2020,,,,,,,,,,,6905572796.0,,,,,,
NZL,New Zealand,01-01-2020,,,,,,,,,,,1.0,,,,,,
OMN,Oman,03-15-2020,General,,,,,,Required Closing,,,,,,,,,,
OMN,Oman,03-22-2020,Targeted,,,,,,,,Required Closing Workspaces,,,,,,,,
OMN,Oman,04-01-2020,General,,,,,,,,Required Closing Workspaces,,,,,,,,
OMN,Oman,03-17-2020,General,,,,Required Cancelling Public Events,,,,,,,,,,,,
OMN,Oman,03-23-2020,Targeted,,,,,,,,,,Recommend Closing Public Transport,,,,,,
OMN,Oman,03-24-2020,Targeted,,,,,,,,,,Required Closing Public Transport,,,,,,
OMN,Oman,01-26-2020,General,,,,,,,,,Has public information campaign,,,,,,,
OMN,Oman,03-18-2020,General,,,Restrict movement,,,,,,,,,,,,,
OMN,Oman,03-18-2020,,,,,,,,,,,20000000000.0,,,,,,
OMN,Oman,02-03-2020,,,Quarantine on high-risk regions,,,,,,,,,,,,,,
PAK,Pakistan,02-27-2020,Targeted,,,,,,Required Closing,,,,,,,,,,
PAK,Pakistan,02-27-2020,Targeted,,,Restrict movement,,,,,,,,,,,,,
PAK,Pakistan,03-13-2020,General,,,,,,Required Closing,,,,,,,,,,
PAK,Pakistan,03-13-2020,General,,,,Required Cancelling Public Events,,,,,,,,,,,,
PAK,Pakistan,03-24-2020,General,,,,,,,,Required Closing Workspaces,,,,,,,,
PAK,Pakistan,03-24-2020,General,,,,,,,,,,Required Closing Public Transport,,,,,,
PAK,Pakistan,03-24-2020,General,,,Restrict movement,,,,,,,,,,,,,
PAK,Pakistan,03-24-2020,,,,,,,,,,,7561436640.0,,,,,,
PAK,Pakistan,03-24-2020,,,,,,,,,,,1.5,,,,,,
PAK,Pakistan,02-12-2020,General,,,,,,,,,Has public information campaign,,,,,,,
PAK,Pakistan,02-23-2020,,,Ban on high risk regions,,,,,,,,,,,,,,
PAK,Pakistan,03-18-2020,,,,,,,,,,,0.75,,,,,,
PAK,Pakistan,03-18-2020,,,,,,,,,,,0.75,,,,,,
PAK,Pakistan,03-19-2020,,,,,,,,,,,4000000.0,,,,,,
PAK,Pakistan,03-21-2020,,,,,,,,,,,40000000.0,,,,,,
PAN,Panama,03-12-2020,General,,,,,,Required Closing,,,,,,,,,,
PAN,Panama,03-13-2020,General,,,,,,,,Required Closing Workspaces,,,,,,,,
PAN,Panama,03-13-2020,General,,,,Required Cancelling Public Events,,,,,,,,,,,,
PAN,Panama,03-13-2020,General,,,,,,,,,,Required Closing Public Transport,,,,,,
PAN,Panama,03-13-2020,General,,,Recommend movement restriction,,,,,,,,,,,,,
PAN,Panama,03-13-2020,,,Ban on high risk regions,,,,,,,,,,,,,,
PAN,Panama,01-22-2020,General,,,,,,,,,Has public information campaign,,,,,,,
PAN,Panama,01-28-2020,,,Screening,,,,,,,,,,,,,,
PAN,Panama,03-15-2020,,,,,,,,,,,1372000000.0,,,,,,
PER,Peru,03-12-2020,,,,,,,Required Closing,,,,,,,,,,
PER,Peru,03-12-2020,General,,,,Required Cancelling Public Events,,,,,,,,,,,,
PER,Peru,04-02-2020,General,,,,,,Required Closing,,,,,,,,,,
PER,Peru,03-16-2020,General,,,,,,,,Required Closing Workspaces,,,,,,,,
PER,Peru,03-16-2020,General,,,Restrict movement,,,,,,,,,,,,,
PER,Peru,03-16-2020,,,,,,,,,,,331944885.0,,,,,,
PER,Peru,03-05-2020,General,,,,,,,,,Has public information campaign,,,,,,,
PER,Peru,03-11-2020,General,,,Recommend movement restriction,,,,,,,,,,,,,
PER,Peru,03-11-2020,,,Quarantine on high-risk regions,,,,,,,,,,,,,,
PER,Peru,03-06-2020,,,Screening,,,,,,,,,,,,,,
PER,Peru,03-17-2020,,,Ban on high risk regions,,,,,,,,,,,,,,
PER,Peru,03-15-2020,,,,,,,,,,,56338028.0,,,,,,
PER,Peru,03-18-2020,,,,,,,,,,,1121076233.0,,,,,,
PER,Peru,04-06-2020,,,,,,,,,,,8792497069.0,,,,,,
PER,Peru,01-01-2020,,,,,,,,,,,2.25,,,,,,
PHL,Philippines,02-05-2020,General,,,,,,Recommend Closing,,,,,,,,,,
PHL,Philippines,03-13-2020,General,,,,,,Required Closing,,,,,,,,,,
PHL,Philippines,03-13-2020,General,,,,Required Cancelling Public Events,,,,,,,,,,,,
PHL,Philippines,03-13-2020,General,,,,,,,,,,Recommend Closing Public Transport,,,,,,
PHL,Philippines,02-28-2020,General,,,,,,,,Required Closing Workspaces,,,,,,,,
PHL,Philippines,02-28-2020,General,,,No measures,,,,,,,,,,,,,
PHL,Philippines,02-07-2020,General,,,,Recommend Cancelling Public Events,,,,,,,,,,,,
PHL,Philippines,01-24-2020,,,,,,,,,,Has public information campaign,,,,,,,
PHL,Philippines,01-31-2020,General,,,,,,,,,Has public information campaign,,,,,,,
PHL,Philippines,02-19-2020,Targeted,,,Recommend movement restriction,,,,,,,,,,,,,
PHL,Philippines,03-02-2020,General,,,Restrict movement,,,,,,,,,,,,,
PHL,Philippines,03-02-2020,,,Quarantine on high-risk regions,,,,,,,,,,,,,,
PHL,Philippines,03-03-2020,,,Ban on high risk regions,,,,,,,,,,,,,,
PHL,Philippines,03-31-2020,,,,,,,,,,,3900000000.0,,,,,,
PHL,Philippines,01-01-2020,,,,,,,,,,,4.0,,,,,,
PNG,Papua New Guinea,03-23-2020,General,,,,,,Required Closing,,,,,,,,,,
PNG,Papua New Guinea,03-24-2020,General,,,,,,,,Recommend Closing Workspaces,,,,,,,,
PNG,Papua New Guinea,03-24-2020,General,,,,Required Cancelling Public Events,,,,,,,,,,,,
PNG,Papua New Guinea,03-24-2020,General,,,,,,,,,,Required Closing Public Transport,,,,,,
PNG,Papua New Guinea,03-24-2020,General,,,Restrict movement,,,,,,,,,,,,,
PNG,Papua New Guinea,04-05-2020,General,,,,,,,,Required Closing Workspaces,,,,,,,,
PNG,Papua New Guinea,01-27-2020,General,,,,,,,,,Has public information campaign,,,,,,,
PNG,Papua New Guinea,01-28-2020,,,Screening,,,,,,,,,,,,,,
PNG,Papua New Guinea,01-29-2020,,,Ban on high risk regions,,,,,,,,,,,,,,
PNG,Papua New Guinea,01-01-2020,,,,,,,,,,,5.0,,,,,,
POL,Poland,03-12-2020,General,,,,,,Required Closing,,,,,,,,,,
POL,Poland,03-12-2020,General,,,Recommend movement restriction,,,,,,,,,,,,,
POL,Poland,03-13-2020,General,,,,,,,,Required Closing Workspaces,,,,,,,,
POL,Poland,03-10-2020,General,,,,Required Cancelling Public Events,,,,,,,,,,,,
POL,Poland,01-23-2020,Targeted,,,,,,,,,Has public information campaign,,,,,,,
POL,Poland,02-27-2020,General,,,,,,,,,Has public information campaign,,,,,,,
POL,Poland,03-31-2020,General,,,Restrict movement,,,,,,,,,,,,,
POL,Poland,03-09-2020,,,Screening,,,,,,,,,,,,,,
POL,Poland,03-15-2020,,,Ban on high risk regions,,,,,,,,,,,,,,
POL,Poland,03-18-2020,,,,,,,,,,,50740292000.0,,,,,,
POL,Poland,01-01-2020,,,,,,,,,,,1.5,,,,,,
PRI,Puerto Rico,03-14-2020,General,,,,,,Required Closing,,,,,,,,,,
PRI,Puerto Rico,03-15-2020,General,,,,,,,,Required Closing Workspaces,,,,,,,,
PRI,Puerto Rico,03-15-2020,General,,,Restrict movement,,,,,,,,,,,,,
PRI,Puerto Rico,03-13-2020,General,,,,Required Cancelling Public Events,,,,,,,,,,,,
PRI,Puerto Rico,03-06-2020,General,,,,,,,,,Has public information campaign,,,,,,,
PRI,Puerto Rico,03-12-2020,Targeted,,,Restrict movement,,,,,,,,,,,,,
PRI,Puerto Rico,03-01-2020,,,Quarantine on high-risk regions,,,,,,,,,,,,,,
PRI,Puerto Rico,03-24-2020,,,,,,,,,,,787000000.0,,,,,,
PRI,Puerto Rico,03-16-2020,,,,,,,,,,,0.25,,,,,,
PRT,Portugal,03-13-2020,General,,,,,,Required Closing,,,,,,,,,,
PRT,Portugal,03-16-2020,General,,,,,,,,Recommend Closing Workspaces,,,,,,,,
PRT,Portugal,03-12-2020,Targeted,,,,Required Cancelling Public Events,,,,,,,,,,,,
PRT,Portugal,03-12-2020,,,,,,,,,,,285040000.0,,,,,,
PRT,Portugal,04-04-2020,General,,,,Required Cancelling Public Events,,,,,,,,,,,,
PRT,Portugal,03-19-2020,General,,,,,,,,,,Recommend Closing Public Transport,,,,,,
PRT,Portugal,03-19-2020,General,,,Recommend movement restriction,,,,,,,,,,,,,
PRT,Portugal,01-26-2020,General,,,,,,,,,Has public information campaign,,,,,,,
PRT,Portugal,04-09-2020,,,,Restrict movement,,,,,,,,,,,,,
PRT,Portugal,03-10-2020,,,Ban on high risk regions,,,,,,,,,,,,,,
PRT,Portugal,03-18-2020,,,,,,,,,,,10121400000.0,,,,,,
PRY,Paraguay,03-10-2020,General,,,,,,Required Closing,,,,,,,,,,
PRY,Paraguay,03-10-2020,General,,,,Required Cancelling Public Events,,,,,,,,,,,,
PRY,Paraguay,03-13-2020,General,,,,,,,,Required Closing Workspaces,,,,,,,,
PRY,Paraguay,03-13-2020,,,,,,,,,,,76152646.0,,,,,,
PRY,Paraguay,03-21-2020,Targeted,,,,,,,,,,Required Closing Public Transport,,,,,,
PRY,Paraguay,01-23-2020,General,,,,,,,,,Has public information campaign,,,,,,,
PRY,Paraguay,03-16-2020,General,,,Restrict movement,,,,,,,,,,,,,
PRY,Paraguay,03-16-2020,,,Ban on high risk regions,,,,,,,,,,,,,,
PRY,Paraguay,03-12-2020,,,,,,,,,,,513366.0,,,,,,
PRY,Paraguay,03-26-2020,,,,,,,,,,,2066226272.0,,,,,,
PRY,Paraguay,01-01-2020,,,,,,,,,,,4.0,,,,,,
QAT,Qatar,03-10-2020,General,,,,,,Required Closing,,,,,,,,,,
QAT,Qatar,03-17-2020,General,,,,,,,,Required Closing Workspaces,,,,,,,,
QAT,Qatar,03-01-2020,General,,,,Required Cancelling Public Events,,,,,,,,,,,,
QAT,Qatar,03-15-2020,General,,,,,,,,,,Required Closing Public Transport,,,,,,
QAT,Qatar,03-15-2020,,,,,,,,,,,20604395604.4,,,,,,
QAT,Qatar,01-22-2020,General,,,,,,,,,Has public information campaign,,,,,,,
QAT,Qatar,03-16-2020,General,,,Restrict movement,,,,,,,,,,,,,
QAT,Qatar,01-24-2020,,,Screening,,,,,,,,,,,,,,
QAT,Qatar,02-02-2020,,,Ban on high risk regions,,,,,,,,,,,,,,
QAT,Qatar,01-01-2020,,,,,,,,,,,4.0,,,,,,
ROU,Romania,03-11-2020,General,,,,,,Required Closing,,,,,,,,,,
ROU,Romania,03-12-2020,General,,,,,,,,Recommend Closing Workspaces,,,,,,,,
ROU,Romania,03-12-2020,General,,,Recommend movement restriction,,,,,,,,,,,,,
ROU,Romania,03-21-2020,General,,,,,,,,Required Closing Workspaces,,,,,,,,
ROU,Romania,03-21-2020,,,Ban on high risk regions,,,,,,,,,,,,,,
ROU,Romania,03-08-2020,General,,,,Required Cancelling Public Events,,,,,,,,,,,,
ROU,Romania,03-31-2020,Targeted,,,,,,,,,,Required Closing Public Transport,,,,,,
ROU,Romania,02-25-2020,General,,,,,,,,,Has public information campaign,,,,,,,
ROU,Romania,03-23-2020,General,,,Restrict movement,,,,,,,,,,,,,
ROU,Romania,01-27-2020,,,Screening,,,,,,,,,,,,,,
ROU,Romania,02-12-2020,,,Quarantine on high-risk regions,,,,,,,,,,,,,,
ROU,Romania,03-19-2020,,,,,,,,,,,4972600000.0,,,,,,
ROU,Romania,01-01-2020,,,,,,,,,,,3.0,,,,,,
RUS,Russia,03-16-2020,Targeted,,,,,,Recommend Closing,,,,,,,,,,
RUS,Russia,03-16-2020,General,,,,,,,,,Has public information campaign,,,,,,,
RUS,Russia,03-21-2020,Targeted,,,,,,Required Closing,,,,,,,,,,
RUS,Russia,03-23-2020,General,,,,,,Required Closing,,,,,,,,,,
RUS,Russia,03-30-2020,General,,,,,,,,Required Closing Workspaces,,,,,,,,
RUS,Russia,03-10-2020,Targeted,,,,Required Cancelling Public Events,,,,,,,,,,,,
RUS,Russia,03-17-2020,General,,,,Required Cancelling Public Events,,,,,,,,,,,,
RUS,Russia,03-05-2020,Targeted,,,Restrict movement,,,,,,,,,,,,,
RUS,Russia,03-19-2020,General,,,Restrict movement,,,,,,,,,,,,,
RUS,Russia,01-30-2020,,,Ban on high risk regions,,,,,,,,,,,,,,
RUS,Russia,01-01-2020,,,,,,,,,,,6.25,,,,,,
RWA,Rwanda,03-16-2020,General,,,,,,Required Closing,,,,,,,,,,
RWA,Rwanda,03-16-2020,General,,,,Recommend Cancelling Public Events,,,,,,,,,,,,
RWA,Rwanda,03-21-2020,General,,,,,,,,Required Closing Workspaces,,,,,,,,
RWA,Rwanda,03-21-2020,General,,,,Required Cancelling Public Events,,,,,,,,,,,,
RWA,Rwanda,03-21-2020,General,,,,,,,,,,Required Closing Public Transport,,,,,,
RWA,Rwanda,03-21-2020,General,,,Restrict movement,,,,,,,,,,,,,
RWA,Rwanda,03-15-2020,Targeted,,,,Required Cancelling Public Events,,,,,,,,,,,,
RWA,Rwanda,03-11-2020,General,,,,,,,,,Has public information campaign,,,,,,,
RWA,Rwanda,03-20-2020,,,,Restrict movement,,,,,,,,,,,,,
RWA,Rwanda,03-20-2020,,,Ban on high risk regions,,,,,,,,,,,,,,
RWA,Rwanda,04-02-2020,,,,,,,,,,,1666666.0,,,,,,
RWA,Rwanda,01-01-2020,,,,,,,,,,,5.0,,,,,,
SAU,Saudi Arabia,03-09-2020,General,,,,,,Required Closing,,,,,,,,,,
SAU,Saudi Arabia,03-15-2020,Targeted,,,,,,,,Required Closing Workspaces,,,,,,,,
SAU,Saudi Arabia,03-15-2020,,,,,,,,,,,13500000000.0,,,,,,
SAU,Saudi Arabia,03-14-2020,General,,,,Required Cancelling Public Events,,,,,,,,,,,,
SAU,Saudi Arabia,03-14-2020,,,Ban on high risk regions,,,,,,,,,,,,,,
SAU,Saudi Arabia,02-28-2020,Targeted,,,,,,,,,,Required Closing Public Transport,,,,,,
SAU,Saudi Arabia,03-20-2020,General,,,,,,,,,,Required Closing Public Transport,,,,,,
SAU,Saudi Arabia,03-20-2020,,,,,,,,,,,32000000000.0,,,,,,
SAU,Saudi Arabia,01-30-2020,General,,,,,,,,,Has public information campaign,,,,,,,
SAU,Saudi Arabia,03-08-2020,Targeted,,,Restrict movement,,,,,,,,,,,,,
SAU,Saudi Arabia,03-25-2020,General,,,Restrict movement,,,,,,,,,,,,,
SAU,Saudi Arabia,03-17-2020,,,,,,,,,,,0.75,,,,,,
SGP,Singapore,04-08-2020,General,,,,,,Required Closing,,,,,,,,,,
SGP,Singapore,04-07-2020,,,,,,,,,Required Closing Workspaces,,,,,,,,
SGP,Singapore,02-07-2020,Targeted,,,,Recommend Cancelling Public Events,,,,,,,,,,,,
SGP,Singapore,03-13-2020,Targeted,,,,Required Cancelling Public Events,,,,,,,,,,,,
SGP,Singapore,03-27-2020,General,,,,Required Cancelling Public Events,,,,,,,,,,,,
SGP,Singapore,01-02-2020,General,,,,,,,,,Has public information campaign,,,,,,,
SGP,Singapore,01-02-2020,,,Screening,,,,,,,,,,,,,,
SGP,Singapore,01-23-2020,,,Ban on high risk regions,,,,,,,,,,,,,,
SGP,Singapore,02-18-2020,,,,,,,,,,,4470000000.0,,,,,,
SGP,Singapore,03-26-2020,,,,,,,,,,,33560000000.0,,,,,,
SLE,Sierra Leone,03-31-2020,General,,,,,,Required Closing,,,,,,,,,,
SLE,Sierra Leone,04-05-2020,General,,,,,,,,Required Closing Workspaces,,,,,,,,
SLE,Sierra Leone,04-05-2020,General,,,Restrict movement,,,,,,,,,,,,,
SLE,Sierra Leone,03-22-2020,General,,,,Required Cancelling Public Events,,,,,,,,,,,,
SLE,Sierra Leone,04-02-2020,General,,,,,,,,,,Required Closing Public Transport,,,,,,
SLE,Sierra Leone,03-20-2020,General,,,,,,,,,Has public information campaign,,,,,,,
SLE,Sierra Leone,03-21-2020,,,Ban on high risk regions,,,,,,,,,,,,,,
SLE,Sierra Leone,01-01-2020,,,,,,,,,,,16.5,,,,,,
SLV,El Salvador,03-12-2020,General,,,,,,Required Closing,,,,,,,,,,
SLV,El Salvador,03-11-2020,Targeted,,,,,,,,Required Closing Workspaces,,,,,,,,
SLV,El Salvador,03-11-2020,Targeted,,,,Required Cancelling Public Events,,,,,,,,,,,,
SLV,El Salvador,03-21-2020,General,,,,,,,,Required Closing Workspaces,,,,,,,,
SLV,El Salvador,03-21-2020,General,,,,Required Cancelling Public Events,,,,,,,,,,,,
SLV,El Salvador,03-21-2020,General,,,Restrict movement,,,,,,,,,,,,,
SLV,El Salvador,01-23-2020,General,,,,,,,,,Has public information campaign,,,,,,,
SLV,El Salvador,03-17-2020,Targeted,,,Restrict movement,,,,,,,,,,,,,
SLV,El Salvador,01-31-2020,,,Ban on high risk regions,,,,,,,,,,,,,,
SLV,El Salvador,03-14-2020,,,,,,,,,,,2.0,,,,,,
SRB,Serbia,03-16-2020,General,,,,,,Required Closing,,,,,,,,,,
SRB,Serbia,03-16-2020,General,,,,,,,,Recommend Closing Workspaces,,,,,,,,
SRB,Serbia,03-21-2020,General,,,,,,,,Required Closing Workspaces,,,,,,,,
SRB,Serbia,03-21-2020,General,,,,,,,,,,Required Closing Public Transport,,,,,,
SRB,Serbia,03-21-2020,General,,,Restrict movement,,,,,,,,,,,,,
SRB,Serbia,03-11-2020,General,,,,Required Cancelling Public Events,,,,,,,,,,,,
SRB,Serbia,03-11-2020,,,Ban on high risk regions,,,,,,,,,,,,,,
SRB,Serbia,02-25-2020,General,,,,,,,,,Has public information campaign,,,,,,,
SRB,Serbia,01-22-2020,,,Screening,,,,,,,,,,,,,,
SRB,Serbia,03-30-2020,,,,,,,,,,,5621757934.0,,,,,,
SRB,Serbia,01-01-2020,,,,,,,,,,,2.25,,,,,,
SSD,South Sudan,03-20-2020,General,,,,,,Required Closing,,,,,,,,,,
SSD,South Sudan,03-25-2020,General,,,,,,,,Required Closing Workspaces,,,,,,,,
SSD,South Sudan,03-25-2020,General,,,,,,,,,,Recommend Closing Public Transport,,,,,,
SSD,South Sudan,03-25-2020,General,,,Recommend movement restriction,,,,,,,,,,,,,
SSD,South Sudan,03-16-2020,General,,,,Required Cancelling Public Events,,,,,,,,,,,,
SSD,South Sudan,03-16-2020,General,,,,,,,,,Has public information campaign,,,,,,,
SSD,South Sudan,02-24-2020,,,Quarantine on high-risk regions,,,,,,,,,,,,,,
SSD,South Sudan,03-13-2020,,,Ban on high risk regions,,,,,,,,,,,,,,
SVK,Slovak Republic,03-09-2020,Targeted,,,,,,Required Closing,,,,,,,,,,
SVK,Slovak Republic,03-09-2020,General,,,,,,,,,Has public information campaign,,,,,,,
SVK,Slovak Republic,03-09-2020,,,Quarantine on high-risk regions,,,,,,,,,,,,,,
SVK,Slovak Republic,03-16-2020,General,,,,,,Required Closing,,,,,,,,,,
SVK,Slovak Republic,03-16-2020,Targeted,,,Recommend movement restriction,,,,,,,,,,,,,
SVK,Slovak Republic,03-12-2020,Targeted,,,,,,,,Required Closing Workspaces,,,,,,,,
SVK,Slovak Republic,03-06-2020,General,,,,Recommend Cancelling Public Events,,,,,,,,,,,,
SVK,Slovak Republic,03-10-2020,General,,,,Required Cancelling Public Events,,,,,,,,,,,,
SVK,Slovak Republic,03-13-2020,Targeted,,,,,,,,,,Required Closing Public Transport,,,,,,
SVK,Slovak Republic,03-13-2020,,,Ban on high risk regions,,,,,,,,,,,,,,
SVK,Slovak Republic,04-08-2020,Targeted,,,Restrict movement,,,,,,,,,,,,,
SVK,Slovak Republic,03-29-2020,,,,,,,,,,,2222800000.0,,,,,,
SVN,Slovenia,03-16-2020,General,,,,,,Required Closing,,,,,,,,,,
SVN,Slovenia,03-16-2020,General,,,,,,,,,,Required Closing Public Transport,,,,,,
SVN,Slovenia,03-12-2020,General,,,,,,,,Required Closing Workspaces,,,,,,,,
SVN,Slovenia,03-07-2020,General,,,,Required Cancelling Public Events,,,,,,,,,,,,
SVN,Slovenia,03-04-2020,General,,,,,,,,,Has public information campaign,,,,,,,
SVN,Slovenia,03-20-2020,General,,,Restrict movement,,,,,,,,,,,,,
SVN,Slovenia,03-10-2020,,,Ban on high risk regions,,,,,,,,,,,,,,
SVN,Slovenia,03-13-2020,,,,,,,,,,,3325569569.0,,,,,,
SWE,Sweden,03-12-2020,General,,,,Required Cancelling Public Events,,,,,,,,,,,,
SWE,Sweden,03-09-2020,General,,,,,,,,,Has public information campaign,,,,,,,
SWE,Sweden,04-04-2020,General,,,Recommend movement restriction,,,,,,,,,,,,,
SWE,Sweden,03-19-2020,,,Ban on high risk regions,,,,,,,,,,,,,,
SWE,Sweden,03-19-2020,,,,,,,,,,,484840000.0,,,,,,
SWE,Sweden,03-20-2020,,,,,,,,,,,7640801000.0,,,,,,
SWZ,Eswatini,03-17-2020,General,,,,,,Required Closing,,,,,,,,,,
SWZ,Eswatini,03-14-2020,General,,,,Recommend Cancelling Public Events,,,,,,,,,,,,
SWZ,Eswatini,04-03-2020,General,,,,Required Cancelling Public Events,,,,,,,,,,,,
SWZ,Eswatini,04-03-2020,General,,,,,,,,,,Recommend Closing Public Transport,,,,,,
SWZ,Eswatini,04-03-2020,General,,,,,,,,,Has public information campaign,,,,,,,
SWZ,Eswatini,04-03-2020,General,,,Recommend movement restriction,,,,,,,,,,,,,
SWZ,Eswatini,04-03-2020,,,Ban on high risk regions,,,,,,,,,,,,,,
SWZ,Eswatini,04-03-2020,,,,,,,,,,,5.5,,,,,,
SWZ,Eswatini,02-29-2020,,,,,,,,,,Has public information campaign,,,,,,,
SYC,Seychelles,03-16-2020,Targeted,,,,,,Required Closing,,,,,,,,,,
SYC,Seychelles,03-15-2020,General,,,,Recommend Cancelling Public Events,,,,,,,,,,,,
SYC,Seychelles,03-22-2020,Targeted,,,,Required Cancelling Public Events,,,,,,,,,,,,
SYC,Seychelles,01-29-2020,General,,,,,,,,,Has public information campaign,,,,,,,
SYC,Seychelles,02-07-2020,,,Quarantine on high-risk regions,,,,,,,,,,,,,,
SYC,Seychelles,03-10-2020,,,Ban on high risk regions,,,,,,,,,,,,,,
SYC,Seychelles,03-23-2020,,,,,,,,,,,36000000.0,,,,,,
SYC,Seychelles,01-01-2020,,,,,,,,,,,5.0,,,,,,
SYR,Syria,03-14-2020,General,,,,,,Required Closing,,,,,,,,,,
SYR,Syria,03-20-2020,General,,,,,,,,Recommend Closing Workspaces,,,,,,,,
SYR,Syria,03-20-2020,General,,,Recommend movement restriction,,,,,,,,,,,,,
SYR,Syria,03-22-2020,General,,,,,,,,Required Closing Workspaces,,,,,,,,
SYR,Syria,03-22-2020,General,,,,Required Cancelling Public Events,,,,,,,,,,,,
SYR,Syria,03-15-2020,General,,,,Recommend Cancelling Public Events,,,,,,,,,,,,
SYR,Syria,03-23-2020,General,,,,,,,,,,Required Closing Public Transport,,,,,,
SYR,Syria,03-08-2020,General,,,,,,,,,Has public information campaign,,,,,,,
SYR,Syria,03-08-2020,,,Ban on high risk regions,,,,,,,,,,,,,,
SYR,Syria,03-25-2020,Targeted,,,Restrict movement,,,,,,,,,,,,,
SYR,Syria,04-01-2020,General,,,Restrict movement,,,,,,,,,,,,,
SYR,Syria,02-01-2020,,,Screening,,,,,,,,,,,,,,
TCD,Chad,03-19-2020,General,,,,,,Required Closing,,,,,,,,,,
TCD,Chad,03-19-2020,,,Ban on high risk regions,,,,,,,,,,,,,,
TCD,Chad,03-21-2020,General,,,,,,,,,,Required Closing Public Transport,,,,,,
TCD,Chad,03-08-2020,General,,,,,,,,,Has public information campaign,,,,,,,
TCD,Chad,04-02-2020,Targeted,,,Restrict movement,,,,,,,,,,,,,
TCD,Chad,01-01-2020,,,,,,,,,,,3.4,,,,,,
THA,Thailand,03-15-2020,Targeted,,,,,,Recommend Closing,,,,,,,,,,
THA,Thailand,03-18-2020,General,,,,,,Required Closing,,,,,,,,,,
THA,Thailand,03-17-2020,Targeted,,,,,,,,Required Closing Workspaces,,,,,,,,
THA,Thailand,03-10-2020,Targeted,,,,Required Cancelling Public Events,,,,,,,,,,,,
THA,Thailand,03-10-2020,,,,,,,,,,,12700000000.0,,,,,,
THA,Thailand,04-03-2020,Targeted,,,,,,,,,,Required Closing Public Transport,,,,,,
THA,Thailand,04-03-2020,General,,,Restrict movement,,,,,,,,,,,,,
THA,Thailand,03-06-2020,General,,,,,,,,,Has public information campaign,,,,,,,
THA,Thailand,03-06-2020,,,Quarantine on high-risk regions,,,,,,,,,,,,,,
THA,Thailand,03-20-2020,General,,,Recommend movement restriction,,,,,,,,,,,,,
THA,Thailand,03-30-2020,Targeted,,,Restrict movement,,,,,,,,,,,,,
THA,Thailand,03-25-2020,,,Ban on high risk regions,,,,,,,,,,,,,,
THA,Thailand,04-04-2020,,,,,,,,,,,45885600000.0,,,,,,
THA,Thailand,01-01-2020,,,,,,,,,,,1.25,,,,,,
TUN,Tunisia,03-09-2020,General,,,,,,Recommend Closing,,,,,,,,,,
TUN,Tunisia,03-09-2020,General,,,,,,,,,Has public information campaign,,,,,,,
TUN,Tunisia,03-09-2020,,,Quarantine on high-risk regions,,,,,,,,,,,,,,
TUN,Tunisia,03-16-2020,General,,,,,,Required Closing,,,,,,,,,,
TUN,Tunisia,03-16-2020,Targeted,,,,,,,,Recommend Closing Workspaces,,,,,,,,
TUN,Tunisia,03-16-2020,General,,,,Required Cancelling Public Events,,,,,,,,,,,,
TUN,Tunisia,03-16-2020,,,Ban on high risk regions,,,,,,,,,,,,,,
TUN,Tunisia,03-22-2020,General,,,,,,,,Required Closing Workspaces,,,,,,,,
TUN,Tunisia,03-22-2020,General,,,,,,,,,,Required Closing Public Transport,,,,,,
TUN,Tunisia,03-22-2020,General,,,Restrict movement,,,,,,,,,,,,,
TUN,Tunisia,03-04-2020,Targeted,,,,Recommend Cancelling Public Events,,,,,,,,,,,,
TUN,Tunisia,03-04-2020,Targeted,,,,,,,,,Has public information campaign,,,,,,,
TUN,Tunisia,03-04-2020,,,Screening,,,,,,,,,,,,,,
TUN,Tunisia,03-18-2020,Targeted,,,Restrict movement,,,,,,,,,,,,,
TUN,Tunisia,03-21-2020,,,,,,,,,,,800000000.0,,,,,,
TUN,Tunisia,01-01-2020,,,,,,,,,,,7.75,,,,,,
TUR,Turkey,03-16-2020,General,,,,,,Required Closing,,,,,,,,,,
TUR,Turkey,03-16-2020,General,,,,Required Cancelling Public Events,,,,,,,,,,,,
TUR,Turkey,03-22-2020,General,,,,,,,,Recommend Closing Workspaces,,,,,,,,
TUR,Turkey,03-24-2020,General,,,,,,,,,,Required Closing Public Transport,,,,,,
TUR,Turkey,02-07-2020,General,,,,,,,,,Has public information campaign,,,,,,,
TUR,Turkey,03-09-2020,General,,,Recommend movement restriction,,,,,,,,,,,,,
TUR,Turkey,03-15-2020,Targeted,,,Restrict movement,,,,,,,,,,,,,
TUR,Turkey,03-21-2020,General,,,Restrict movement,,,,,,,,,,,,,
TUR,Turkey,01-24-2020,,,Screening,,,,,,,,,,,,,,
TUR,Turkey,02-05-2020,,,Ban on high risk regions,,,,,,,,,,,,,,
TUR,Turkey,02-19-2020,,,,,,,,,,,10.75,,,,,,
TUR,Turkey,03-18-2020,,,,,,,,,,,15432708062.0,,,,,,
TUR,Turkey,01-01-2020,,,,,,,,,,,12.0,,,,,,
TZA,Tanzania,03-18-2020,General,,,,,,Required Closing,,,,,,,,,,
TZA,Tanzania,03-21-2020,General,,,,,,,,Recommend Closing Workspaces,,,,,,,,
TZA,Tanzania,03-21-2020,General,,,,Required Cancelling Public Events,,,,,,,,,,,,
TZA,Tanzania,03-22-2020,General,,,,,,,,,,Recommend Closing Public Transport,,,,,,
TZA,Tanzania,03-26-2020,Targeted,,,,,,,,,Has public information campaign,,,,,,,
TZA,Tanzania,03-27-2020,General,,,,,,,,,Has public information campaign,,,,,,,
TZA,Tanzania,03-25-2020,Targeted,,,Recommend movement restriction,,,,,,,,,,,,,
TZA,Tanzania,03-28-2020,Targeted,,,Restrict movement,,,,,,,,,,,,,
TZA,Tanzania,02-01-2020,,,Ban on high risk regions,,,,,,,,,,,,,,
UGA,Uganda,03-20-2020,General,,,,,,Required Closing,,,,,,,,,,
UGA,Uganda,03-25-2020,General,,,,,,,,Required Closing Workspaces,,,,,,,,
UGA,Uganda,03-25-2020,General,,,,,,,,,,Required Closing Public Transport,,,,,,
UGA,Uganda,03-25-2020,,,,,,,,,,,1300000.0,,,,,,
UGA,Uganda,03-18-2020,General,,,,Required Cancelling Public Events,,,,,,,,,,,,
UGA,Uganda,03-18-2020,General,,,Recommend movement restriction,,,,,,,,,,,,,
UGA,Uganda,01-29-2020,General,,,,,,,,,Has public information campaign,,,,,,,
UGA,Uganda,03-31-2020,General,,,Restrict movement,,,,,,,,,,,,,
UGA,Uganda,03-31-2020,,,,,,,,,,,37856125.45,,,,,,
UGA,Uganda,01-20-2020,,,Screening,,,,,,,,,,,,,,
UGA,Uganda,02-06-2020,,,Quarantine on high-risk regions,,,,,,,,,,,,,,
UGA,Uganda,03-22-2020,,,Ban on high risk regions,,,,,,,,,,,,,,
UGA,Uganda,01-01-2020,,,,,,,,,,,9.0,,,,,,
UKR,Ukraine,03-12-2020,General,,,,,,Required Closing,,,,,,,,,,
UKR,Ukraine,03-12-2020,General,,,,Required Cancelling Public Events,,,,,,,,,,,,
UKR,Ukraine,03-12-2020,General,,,Restrict movement,,,,,,,,,,,,,
UKR,Ukraine,03-12-2020,,,Ban on high risk regions,,,,,,,,,,,,,,
UKR,Ukraine,03-17-2020,General,,,,,,,,Required Closing Workspaces,,,,,,,,
UKR,Ukraine,03-18-2020,,,,,,,,,,,Required Closing Public Transport,,,,,,
UKR,Ukraine,03-03-2020,,,,,,,,,,Has public information campaign,,,,,,,
UKR,Ukraine,04-03-2020,General,,,,,,,,,Has public information campaign,,,,,,,
UKR,Ukraine,03-11-2020,,,,,,,,,,,3853564.0,,,,,,
UKR,Ukraine,03-20-2020,,,,,,,,,,,17543860.0,,,,,,
UKR,Ukraine,01-01-2020,,,,,,,,,,,13.5,,,,,,
URY,Uruguay,03-15-2020,General,,,,,,Required Closing,,,,,,,,,,
URY,Uruguay,03-15-2020,General,,,,,,,,Recommend Closing Workspaces,,,,,,,,
URY,Uruguay,03-15-2020,General,,,,Required Cancelling Public Events,,,,,,,,,,,,
URY,Uruguay,03-15-2020,,,Ban on high risk regions,,,,,,,,,,,,,,
URY,Uruguay,03-15-2020,,,,,,,,,,,520000000.0,,,,,,
URY,Uruguay,03-14-2020,,,,,,,,,,Has public information campaign,,,,,,,
URY,Uruguay,03-13-2020,General,,,Recommend movement restriction,,,,,,,,,,,,,
URY,Uruguay,03-13-2020,,,Quarantine on high-risk regions,,,,,,,,,,,,,,
URY,Uruguay,01-01-2020,,,,,,,,,,,9.25,,,,,,
USA,United States,03-03-2020,Targeted,,,,,,Recommend Closing,,,,,,,,,,
USA,United States,03-05-2020,Targeted,,,,,,Required Closing,,,,,,,,,,
USA,United States,03-19-2020,Targeted,,,,,,,,Required Closing Workspaces,,,,,,,,
USA,United States,03-19-2020,Targeted,,,Restrict movement,,,,,,,,,,,,,
USA,United States,03-12-2020,Targeted,,,,Required Cancelling Public Events,,,,,,,,,,,,
USA,United States,03-17-2020,General,,,,,,,,,Has public information campaign,,,,,,,
USA,United States,03-14-2020,General,,,Recommend movement restriction,,,,,,,,,,,,,
USA,United States,02-02-2020,,,Quarantine on high-risk regions,,,,,,,,,,,,,,
USA,United States,03-02-2020,,,Ban on high risk regions,,,,,,,,,,,,,,
USA,United States,03-25-2020,,,,,,,,,,,2050000000000.0,,,,,,
USA,United States,01-01-2020,,,,,,,,,,,1.75,,,,,,
UZB,Uzbekistan,03-16-2020,General,,,,,,Required Closing,,,,,,,,,,
UZB,Uzbekistan,03-16-2020,,,,,,,,,Required Closing Workspaces,,,,,,,,
UZB,Uzbekistan,03-16-2020,,,,,Required Cancelling Public Events,,,,,,,,,,,,
UZB,Uzbekistan,03-16-2020,General,,,,,,,,,,Required Closing Public Transport,,,,,,
UZB,Uzbekistan,03-16-2020,,,Ban on high risk regions,,,,,,,,,,,,,,
UZB,Uzbekistan,03-20-2020,General,,,,,,,,Required Closing Workspaces,,,,,,,,
UZB,Uzbekistan,03-20-2020,,,,,,,,,,,1047120400.0,,,,,,
UZB,Uzbekistan,03-23-2020,General,,,,Required Cancelling Public Events,,,,,,,,,,,,
UZB,Uzbekistan,01-21-2020,,,,,,,,,,Has public information campaign,,,,,,,
UZB,Uzbekistan,03-15-2020,General,,,Recommend movement restriction,,,,,,,,,,,,,
UZB,Uzbekistan,03-24-2020,Targeted,,,Restrict movement,,,,,,,,,,,,,
UZB,Uzbekistan,03-27-2020,General,,,Restrict movement,,,,,,,,,,,,,
UZB,Uzbekistan,03-01-2020,,,Quarantine on high-risk regions,,,,,,,,,,,,,,
UZB,Uzbekistan,01-01-2020,,,,,,,,,,,16.0,,,,,,
VEN,Venezuela,03-16-2020,General,,,,,,Required Closing,,,,,,,,,,
VEN,Venezuela,03-16-2020,Targeted,,,,,,,,Required Closing Workspaces,,,,,,,,
VEN,Venezuela,03-16-2020,Targeted,,,,Required Cancelling Public Events,,,,,,,,,,,,
VEN,Venezuela,03-16-2020,Targeted,,,Restrict movement,,,,,,,,,,,,,
VEN,Venezuela,03-17-2020,General,,,,,,,,Required Closing Workspaces,,,,,,,,
VEN,Venezuela,03-17-2020,General,,,,Required Cancelling Public Events,,,,,,,,,,,,
VEN,Venezuela,03-17-2020,General,,,Restrict movement,,,,,,,,,,,,,
VEN,Venezuela,02-28-2020,General,,,,,,,,,Has public information campaign,,,,,,,
VEN,Venezuela,03-15-2020,,,Ban on high risk regions,,,,,,,,,,,,,,
VEN,Venezuela,03-22-2020,,,,,,,,,,,1.0,,,,,,
VEN,Venezuela,01-01-2020,,,,,,,,,,,23.15,,,,,,
VEN,Venezuela,02-01-2020,,,,,,,,,,,29.2,,,,,,
VNM,Vietnam,02-03-2020,Targeted,,,,,,Required Closing,,,,,,,,,,
VNM,Vietnam,02-15-2020,General,,,,,,Required Closing,,,,,,,,,,
VNM,Vietnam,03-27-2020,General,,,,,,,,Required Closing Workspaces,,,,,,,,
VNM,Vietnam,02-08-2020,Targeted,,,,Required Cancelling Public Events,,,,,,,,,,,,
VNM,Vietnam,03-16-2020,General,,,,Recommend Cancelling Public Events,,,,,,,,,,,,
VNM,Vietnam,03-28-2020,General,,,,Required Cancelling Public Events,,,,,,,,,,,,
VNM,Vietnam,03-28-2020,General,,,,,,,,,,Required Closing Public Transport,,,,,,
VNM,Vietnam,01-29-2020,General,,,,,,,,,Has public information campaign,,,,,,,
VNM,Vietnam,02-13-2020,Targeted,,,Restrict movement,,,,,,,,,,,,,
VNM,Vietnam,03-25-2020,General,,,Restrict movement,,,,,,,,,,,,,
VNM,Vietnam,01-25-2020,,,Screening,,,,,,,,,,,,,,
VNM,Vietnam,01-30-2020,,,Quarantine on high-risk regions,,,,,,,,,,,,,,
VNM,Vietnam,02-01-2020,,,Ban on high risk regions,,,,,,,,,,,,,,
VNM,Vietnam,01-01-2020,,,,,,,,,,,6.0,,,,,,
ZAF,South Africa,03-18-2020,General,,,,,,Required Closing,,,,,,,,,,
ZAF,South Africa,03-15-2020,General,,,,,,,,Recommend Closing Workspaces,,,,,,,,
ZAF,South Africa,03-15-2020,General,,,,Required Cancelling Public Events,,,,,,,,,,,,
ZAF,South Africa,03-15-2020,General,,,Recommend movement restriction,,,,,,,,,,,,,
ZAF,South Africa,03-25-2020,General,,,,,,,,Required Closing Workspaces,,,,,,,,
ZAF,South Africa,03-27-2020,General,,,,,,,,,,Required Closing Public Transport,,,,,,
ZAF,South Africa,03-07-2020,General,,,,,,,,,Has public information campaign,,,,,,,
ZAF,South Africa,03-07-2020,,,,,,,,,,,6.0,,,,,,
ZAF,South Africa,03-26-2020,General,,,Restrict movement,,,,,,,,,,,,,
ZAF,South Africa,01-23-2020,,,Screening,,,,,,,,,,,,,,
ZAF,South Africa,03-17-2020,,,Ban on high risk regions,,,,,,,,,,,,,,
ZAF,South Africa,03-24-2020,,,,,,,,,,,147094577.0,,,,,,
ZAF,South Africa,02-29-2020,,,,,,,,,,,5.0,,,,,,
ZMB,Zambia,03-20-2020,General,,,,,,Required Closing,,,,,,,,,,
ZMB,Zambia,03-12-2020,General,,,,,,,,,Has public information campaign,,,,,,,
ZMB,Zambia,03-29-2020,General,,,Recommend movement restriction,,,,,,,,,,,,,
ZMB,Zambia,02-21-2020,,,Quarantine on high-risk regions,,,,,,,,,,,,,,
ZMB,Zambia,03-28-2020,,,,,,,,,,,133956000.0,,,,,,
ZMB,Zambia,01-01-2020,,,,,,,,,,,11.5,,,,,,
ZWE,Zimbabwe,03-24-2020,General,,,,,,Required Closing,,,,,,,,,,
ZWE,Zimbabwe,03-30-2020,General,,,,,,,,Required Closing Workspaces,,,,,,,,
ZWE,Zimbabwe,03-30-2020,General,,,,,,,,,,Required Closing Public Transport,,,,,,
ZWE,Zimbabwe,03-30-2020,General,,,Restrict movement,,,,,,,,,,,,,
ZWE,Zimbabwe,03-17-2020,Targeted,,,,Required Cancelling Public Events,,,,,,,,,,,,
ZWE,Zimbabwe,03-17-2020,General,,,,,,,,,Has public information campaign,,,,,,,
ZWE,Zimbabwe,03-17-2020,,,Screening,,,,,,,,,,,,,,
ZWE,Zimbabwe,03-23-2020,General,,,,Required Cancelling Public Events,,,,,,,,,,,,
ZWE,Zimbabwe,03-23-2020,General,,,Recommend movement restriction,,,,,,,,,,,,,
ZWE,Zimbabwe,03-23-2020,,,Ban on high risk regions,,,,,,,,,,,,,,
ZWE,Zimbabwe,03-31-2020,,,,,,,,,,,600.0,,,,,,
ZWE,Zimbabwe,01-01-2020,,,,,,,,,,,35.0,,,,,,
TWN,Taiwan,02-02-2020,General,,,,,,Required Closing,,,,,,,,,,
TWN,Taiwan,02-17-2020,Targeted,,,,,,,,Recommend Closing Workspaces,,,,,,,,
TWN,Taiwan,03-05-2020,General,,,,Recommend Cancelling Public Events,,,,,,,,,,,,
TWN,Taiwan,01-20-2020,General,,,,,,,,,Has public information campaign,,,,,,,
TWN,Taiwan,02-07-2020,,,Screening,,,,,,,,,,,,,,
TWN,Taiwan,02-23-2020,,,Ban on high risk regions,,,,,,,,,,,,,,
TWN,Taiwan,02-25-2020,,,,,,,,,,,1983667893.0,,,,,,
