Timestamp,State,Effective Date,Coverage,State of Emergency Declaration,Travel Restrictions,Shelter-in-place Order,Gathering Limitations,Banning Gatherings of a Certain Size,Face Covering Requirements,K-12 School Closure,Bar and Dine-in Restaurant Closure,Non-essential Businesses Closure,Details (if any) ,Reference links
5/8/2020 16:06:47,Alabama,5/1/2020,State-wide,,,Shelter-in-place order lifted,Banned gatherings of a certain size,10,Face covering requirements for some workers,,,Some (cherry-picked) businesses closed; others allowed to operate possibly with extra requirements,"""People are encouraged to stay at home and practice good sanitation procedures but the stay-at-home order is lifted. All retail stores will be allowed to reopen, subject to sanitation and social-distancing guidelines. Occupancy will be limited to 50 percent. Restaurants, bars and breweries remain limited to take-out, curbside or delivery. Non work-related gatherings of 10 people or more are prohibited. Entertainment venues, such as night clubs, theaters and bowling alleys will be closed. Athletic facilities such as gyms will be closed. Close-contact service providers such as barber shops, hair salons, nail salons, gyms and tattoo service will remain closed.""",https://www.al.com/news/2020/04/gov-kay-ivey-press-conference-on-plans-for-reopening-alabama-watch-live.html
5/28/2020 10:00:00,Alabama,5/11/2020,State-wide,,,,Banning gatherings lifted,,,,Bar and dine-in restaurant open with extra requirements,Some (cherry-picked) businesses closed; others allowed to operate possibly with extra requirements,"""Ivey later announced a second amended order that applied statewide from May 11 to May 22. It permitted restaurants to open at a 50% occupancy rate with six feet of spacing between tables. Personal care services like barber shops and salons can operate according to state protocols. Gyms, athletic facilities and athletic classes can resume under strict sanitation and social distancing guidelines"" and ""The amended Safer at Home order removes the 10 person limit on non-work gatherings, including those at beaches. People are still required to maintain six feet of distance from non-household members.",
5/8/2020 16:20:53,Alaska,4/24/2020,State-wide,,,Shelter-in-place order lifted,Banned gatherings of a certain size,20,Face covering requirements for the public (non-workers) in certain situations,,Bar and dine-in restaurant open with extra requirements,Non-essential businesses allowed to operate possibly with extra requirements,"""... restaurants were permitted to reopen for dine-in service statewide. ... Restaurants can only be filled to 25% of their capacity at once. Alaskans aren’t being asked to stay home anymore, according to the new statewide mandate that took effect Friday and allows for small religious, social and other gatherings. Indoor and outdoor gatherings are limited to 20 people... Retail: Only 20 people or 25% of the store’s capacity, whichever number is smaller, can be in the store at once. All employees need to wear cloth face coverings... The state and the municipality released an extensive list of personal care services that can launch back into motion under specific restrictions, including hair salons, barber shops, nail salons... Workout and fitness classes can take place outside, according to the state’s guidelines... Though travel around the state was previously banned, Alaskans can now drive to different communities on the road system... Non-essential, non-public-facing businesses (like law firms or marketing offices): Desks or work stations need to be at least 6 feet apart. "" ",https://www.adn.com/alaska-news/2020/04/25/what-the-reopening-looks-like-under-plans-from-anchorage-and-the-state-of-alaska/
5/8/2020 16:25:02,Arizona,5/8/2020,State-wide,,,,,,,,,Some (cherry-picked) businesses closed; others allowed to operate possibly with extra requirements,"""Barbershops and salons can resume hair, nail, waxing and other services by appointment Friday if they limit occupancy, implement social distancing measures, up sanitation protocols and provide cloth masks to employees, the governor said.""",https://www.azcentral.com/story/news/local/arizona-health/2020/05/04/arizona-salons-can-reopen-may-8-dine-restaurants-may-11/3080788001/
5/8/2020 16:25:36,Arizona,5/11/2020,State-wide,,,,,,,,Bar and dine-in restaurant open with extra requirements,,"""On Monday, restaurants and coffee shops can start offering dine-in service. They must also limit occupancy and physically distance diners, in addition to checking employees for COVID-19 symptoms before their shifts.""",https://www.azcentral.com/story/news/local/arizona-health/2020/05/04/arizona-salons-can-reopen-may-8-dine-restaurants-may-11/3080788001/
5/28/2020 10:09:14,Arizona,5/15/2020,State-wide,,,Shelter-in-place order lifted,,,,,,Some (cherry-picked) businesses closed; others allowed to operate possibly with extra requirements,"""The stay-at-home order was replaced on May 16 by an executive order outlining guidance for the next phase of economic recovery. More sectors can reopen incrementally in line with guidance for employers and individuals.""",https://www.npr.org/2020/05/01/847416108/west-coronavirus-related-restrictions-by-state
5/8/2020 16:27:33,Arkansas,5/11/2020,State-wide,,,,,,,,Bar and dine-in restaurant open with extra requirements,,"""Arkansas restaurants may reopen their dining rooms on Monday, May 11, Gov. Asa Hutchinson announced Wednesday. Restaurants may only seat 33 percent of their total occupancy when they initially reopen, the governor said.""",https://www.baxterbulletin.com/story/news/local/2020/04/29/arkansas-restaurants-reopening-plan-coronavirus-covid-19-updates-cases-deaths/3048197001/
5/10/2020 9:47:21,Arkansas,5/4/2020,State-wide,,,,,,Face covering requirements for some workers,,,Some (cherry-picked) businesses closed; others allowed to operate possibly with extra requirements,"""Among the requirements for gyms and athletic clubs are spacing patrons 12 feet apart, ensuring employees and patrons wear cloth masks except while actively exercising, making hand sanitizer available and sanitizing equipment between each use. Use of showers, pools, spas and saunas is still banned under the requirements.""",https://www.arkansasonline.com/news/2020/apr/30/watch-live-130-gov-speak-coronavirus-response-case/
5/28/2020 10:12:21,Arkansas,5/18/2020,State-wide,,,,,,,,,Non-essential businesses allowed to operate possibly with extra requirements,"""Hutchinson: Starting Monday, May 18th all retailers are open with phase I restrictions specific to their industry under @ADHPIO guidelines. As we move towards next phases I encourage everyone to continue the basic safety measures to keep everyone safe while Arkansas is ready for business.""",https://twitter.com/AsaHutchinson/status/1261451204753674240?s=20
5/28/2020 14:09:31,California,5/12/2020,Selected counties (based on specific metrics),,,Shelter-in-place order lifted,,,,,Bar and dine-in restaurant open with extra requirements,Some (cherry-picked) businesses closed; others allowed to operate possibly with extra requirements,"""Starting May 12, restaurants and shopping centers were allowed to open in counties that meet certain criteria.""",https://www.latimes.com/projects/california-coronavirus-cases-tracking-outbreak/reopening-across-counties/ and https://www.nytimes.com/interactive/2020/us/states-reopen-map-coronavirus.html and https://covid19.ca.gov/roadmap-counties/
5/10/2020 9:50:57,Colorado,4/27/2020,State-wide,,,Shelter-in-place order lifted,,,,,,,"""Stay-at-home order expired on April 26. Gov. Jared Polis, a Democrat, asked Colorado to transition to a safer at home approach, in which retail businesses could open for curbside pickup and real estate showings could resume.""",https://www.nytimes.com/interactive/2020/us/states-reopen-map-coronavirus.html
5/10/2020 9:51:42,Colorado,5/1/2020,State-wide,,,,,,,,,Some (cherry-picked) businesses closed; others allowed to operate possibly with extra requirements,"""Retail and personal services can open (if implementing best practices).""",https://covid19.colorado.gov/safer-at-home
5/10/2020 9:52:09,Colorado,5/4/2020,State-wide,,,,,,,,,Some (cherry-picked) businesses closed; others allowed to operate possibly with extra requirements,"""Non-critical offices can reopen (if implementing best practices and lower density).""",https://covid19.colorado.gov/safer-at-home
5/28/2020 10:47:35,Colorado,5/27/2020,State-wide,,,,,,,,Bar and dine-in restaurant open with extra requirements,,"""Beginning on May 27, restaurants will be able to open for in-person dining at 50% capacity of the indoor posted occupancy code limit, but they can not exceed 50 people, whichever is less. They are also encouraged to provide as much outdoor services as possible. Bars will remain closed.""",https://www.colorado.gov/governor/news/governor-polis-issues-guidance-restaurants-summer-camps-and-private-camping
5/28/2020 13:53:26,Connecticut,5/20/2020,State-wide,,,Shelter-in-place order lifted,,,Face covering requirements for the public (non-workers) in certain situations,,Bar and dine-in restaurant open with extra requirements,Some (cherry-picked) businesses closed; others allowed to operate possibly with extra requirements,"""During the first stage, masks will be required for most activities."" and ""The following businesses would be allowed to reopen on May 20: Eateries would be limited to outdoor seating with no access to their bars. "" and ""Retail stores: This would include smaller stores that can be found in downtown areas across the state. "" and ""Offices: Officials said they recognize that there is some need for a group of employees to go back into offices.""",https://www.courant.com/coronavirus/hc-news-coronavirus-reopen-ct-plan-20200430-eadahcvhgzb5bosk3zohbiksdu-story.html
5/10/2020 9:56:40,Florida,5/4/2020,Selected counties,,,Shelter-in-place order lifted,,,,,Bar and dine-in restaurant open with extra requirements,Some (cherry-picked) businesses closed; others allowed to operate possibly with extra requirements,"""DeSantis said restaurants and retail spaces could let customers inside, but only at 25% capacity, and people must adhere to social distancing guidelines from the US Centers for Disease Control and Prevention. Restaurants can offer outdoor seating if tables are 6 feet apart. Movie theaters can't reopen yet. Bars, fitness centers and places that offer personal services, likes hair styling, also will open later.""
",https://www.cnn.com/2020/04/29/us/florida-reopening-coronavirus/index.html
5/28/2020 11:16:18,Florida,5/11/2020,Palm Beach ,,,Shelter-in-place order,,,,,Bar and dine-in restaurant open with extra requirements,Some (cherry-picked) businesses closed; others allowed to operate possibly with extra requirements,"""Palm Beach County entered Phase 1 on May 11.""",https://www.npr.org/847415273
5/28/2020 11:16:57,Florida,5/18/2020,Miami Dade County,,,Shelter-in-place order lifted,,,,,Bar and dine-in restaurant open with extra requirements,Some (cherry-picked) businesses closed; others allowed to operate possibly with extra requirements,"""Miami-Dade and Broward counties were approved to enter Phase 1 on May 18.""",https://www.npr.org/847415273
5/28/2020 11:16:57,Florida,5/18/2020,Broward County,,,Shelter-in-place order lifted,,,,,Bar and dine-in restaurant open with extra requirements,Some (cherry-picked) businesses closed; others allowed to operate possibly with extra requirements,"""Miami-Dade and Broward counties were approved to enter Phase 1 on May 18.""",https://www.npr.org/847415273
5/10/2020 18:15:02,Georgia,4/24/2020,State-wide,,,,,,,,,Some (cherry-picked) businesses closed; others allowed to operate possibly with extra requirements,"""Kemp announced on April 20 that gyms, fitness centers, bowling alleys, body art studios, barbers, cosmetologists, hair designers, nail care artists, aestheticians, and massage therapists could reopen for business on April 24. """,https://www.npr.org/847415273
5/10/2020 18:16:11,Georgia,4/27/2020,State-wide,,,,,,,,Bar and dine-in restaurant open with extra requirements,Some (cherry-picked) businesses closed; others allowed to operate possibly with extra requirements,"""Theaters, private social clubs and restaurant dine-in services may reopen beginning April 27. Kemp announced that drive-in movies can operate if they comply with the directives of the shelter-in-place order. An April 27 executive order provides additional guidance for food service establishments, bowling alleys and theaters.""",https://www.npr.org/847415273
5/10/2020 18:16:36,Georgia,4/30/2020,State-wide,,,Shelter-in-place order lifted,,,,,,,"""Gov. Brian Kemp issued a statewide shelter-in-place order on April 3, which expired on April 30.""",https://www.npr.org/847415273
5/10/2020 18:23:49,Hawaii,5/7/2020,State-wide,,,,,,,,,Some (cherry-picked) businesses closed; others allowed to operate possibly with extra requirements,"""The following businesses and operations can reopen as of May 7: non-food agriculture, auto dealerships, car washes, licensed child care services, pet grooming services, observatories, retail, repair services and shopping malls. They must follow specific social distancing protocols.""",https://www.npr.org/2020/05/01/847416108/west-coronavirus-related-restrictions-by-state#hawaii
5/10/2020 18:28:14,Idaho,5/1/2020,State-wide,,,Shelter-in-place order lifted,Banned gatherings of a certain size,,,,,Non-essential businesses allowed to operate possibly with extra requirements,"""Stay-at-home order expired on April 30. Idaho entered Stage 1 of reopening on May 1. In this period, 90 percent of businesses can resume operations and must follow physical distancing and sanitation protocols. People should avoid gatherings of any size and nonessential travel, and should continue teleworking if possible. If the state meets certain criteria, Stage 2 will begin on May 16.""",https://www.npr.org/2020/05/01/847416108/west-coronavirus-related-restrictions-by-state#hawaii and https://www.nytimes.com/interactive/2020/us/states-reopen-map-coronavirus.html
5/28/2020 11:28:33,Idaho,5/15/2020,State-wide,,,,,,,,Bar and dine-in restaurant open with extra requirements,,"""Restaurant dining rooms can open once their plans have been submitted for approval by local public health districts.""",https://rebound.idaho.gov/stages-of-reopening/
5/28/2020 11:44:40,Illinois,5/1/2020,State-wide,,,,,,"Face covering requirements for the public (non-workers) in certain situations, Face covering requirements for some workers",,,,"""Beginning on May 1, individuals will be required to wear a face-covering or a mask when in a public place where they can't maintain a six-foot social distance,"" and ""Essential businesses and manufacturers will be required to provide face-coverings to all employees who are not able to maintain six-feet of social distancing,""",https://www2.illinois.gov/Pages/news-item.aspx?ReleaseID=21459
5/10/2020 18:34:56,Indiana,5/4/2020,Selected counties (based on specific metrics),,,Shelter-in-place order lifted,Banned gatherings of a certain size,25,,,,Some (cherry-picked) businesses closed; others allowed to operate possibly with extra requirements,"""On May 1, Holcomb announced a five-phased ""Back on Track"" plan to gradually lift restrictions in most of the state. Local governments can impose more restrictive guidelines. All but three counties moved to the second phase on May 4. """,https://www.npr.org/2020/05/01/847413697/midwest-coronavirus-related-restrictions-by-state and https://twitter.com/GovHolcomb/status/1257679824220495873?s=20
5/10/2020 18:34:56,Indiana,5/11/2020,Lake County,,,Shelter-in-place order lifted,Banned gatherings of a certain size,25,,,,Some (cherry-picked) businesses closed; others allowed to operate possibly with extra requirements,"""Phase two of the plan began on May 11 for Lake and Marion counties, and started May 18 for Cass County.""",https://www.npr.org/2020/05/01/847413697/midwest-coronavirus-related-restrictions-by-state
5/10/2020 18:34:56,Indiana,5/11/2020,Marion County,,,Shelter-in-place order lifted,Banned gatherings of a certain size,25,,,,Some (cherry-picked) businesses closed; others allowed to operate possibly with extra requirements,"""Phase two of the plan began on May 11 for Lake and Marion counties, and started May 18 for Cass County.""",https://www.npr.org/2020/05/01/847413697/midwest-coronavirus-related-restrictions-by-state
5/28/2020 11:40:28,Indiana,5/18/2020,Cass County,,,Shelter-in-place order lifted,Banned gatherings of a certain size,25,,,,Some (cherry-picked) businesses closed; others allowed to operate possibly with extra requirements,"""Phase two of the plan began on May 11 for Lake and Marion counties, and started May 18 for Cass County.""",https://www.npr.org/847413697#indiana
5/28/2020 11:42:14,Indiana,5/11/2020,State-wide,,,,,,,,Bar and dine-in restaurant open with extra requirements,,See Table,https://twitter.com/GovHolcomb/status/1257679824220495873/photo/1
5/10/2020 18:37:49,Iowa,5/8/2020,State-wide,,,,,,,,Bar and dine-in restaurant open with extra requirements,Some (cherry-picked) businesses closed; others allowed to operate possibly with extra requirements,"""She later allowed certain businesses to reopen in the remaining counties on May 8.""",https://www.nytimes.com/interactive/2020/us/states-reopen-map-coronavirus.html
5/10/2020 18:37:16,Iowa,5/1/2020,Selected counties (based on specific metrics),,,,,,,,Bar and dine-in restaurant open with extra requirements,Some (cherry-picked) businesses closed; others allowed to operate possibly with extra requirements,"""Gov. Kim Reynolds, a Republican, loosened restrictions in 77 of the state's 99 counties starting May 1, allowing restaurants, stores and gyms to reopen. """,https://www.nytimes.com/interactive/2020/us/states-reopen-map-coronavirus.html
5/10/2020 18:39:15,Kansas,5/4/2020,State-wide,,,Shelter-in-place order lifted,Banned gatherings of a certain size,10,,,Bar and dine-in restaurant open with extra requirements,Some (cherry-picked) businesses closed; others allowed to operate possibly with extra requirements,"""Under phase one of the plan, the statewide stay-at-home order is lifted but mass gatherings are limited to a maximum of 10 people. Restaurants, libraries and child care facilities can open, and must adhere to social distancing guidelines. Bars, nightclubs, fitness centers, hair salons, barber shops and public swimming pools remain closed.""",https://www.npr.org/2020/05/01/847413697/midwest-coronavirus-related-restrictions-by-state
5/28/2020 12:03:56,Kansas,5/22/2020,State-wide,,,,Banned gatherings of a certain size,30,,,,,"""Mass gatherings of no more than 30 individuals allowed.""",https://governor.kansas.gov/wp-content/uploads/2020/04/Reopen-Kansas-Framework.pdf
5/10/2020 18:20:51,Kentucky,5/11/2020,State-wide,,,Shelter-in-place order lifted,,,Face covering requirements for the public (non-workers) in certain situations,,,Some (cherry-picked) businesses closed; others allowed to operate possibly with extra requirements,"""Under Beshear's plan to reopen Kentucky's economy, people must wear masks in public when they visit businesses, starting on May 11. On May 11, manufacturing, construction, vehicle and vessel dealerships, pet grooming and boarding, and spectator-free horse racing are slated to restart if they meet minimum and industry-specific requirements. Professional services may resume at 50% of their pre-pandemic capacity.""",https://www.npr.org/847415273
5/10/2020 18:21:46,Kentucky,5/6/2020,State-wide,,Travel restrictions for out of state travelers,,,,,,,,"""Beshear issued an executive order adjusting travel restrictions. Any individual entering the state ""with the intent to stay"" must self-quarantine for 14 days, with certain exceptions. The order continues to ban anyone with a positive or presumptive positive case of COVID-19 from entering the state, except as ordered for medical treatment. It also continues social distancing requirements for public transit riders.""",https://www.npr.org/847415273
5/28/2020 13:50:35,Kentucky,5/22/2020,State-wide,,,,,,,,Bar and dine-in restaurant open with extra requirements,,"""All businesses should follow the 10 rules of staying healthy at work as well as industry-specific guidance, which will be issued as soon as possible. The new tentative dates for reopening are: May 22 – Restaurants, with limited 33% capacity and outdoor seating""",https://kentucky.gov/Pages/Activity-stream.aspx?n=GovernorBeshear&prId=156
5/18/2020 9:48:14,Louisiana,5/15/2020,State-wide,,,Shelter-in-place order lifted,,,Face covering requirements for the public (non-workers) in certain situations,,Bar and dine-in restaurant open with extra requirements,Some (cherry-picked) businesses closed; others allowed to operate possibly with extra requirements,"""Edwards announced that Louisiana will be in Phase 1 from May 15 through June 5. The stay-at-home order is lifted, though high-risk individuals are encouraged to stay home. All individuals must wear face coverings, practice good hygiene and maintain six feet of distance from non-household members. Certain nonessential businesses can open with occupancy limits. Employers are encouraged to continue allowing employees to telework whenever possible."" and ""Several types of businesses must remain closed under phase one, which will last for at least 21 days, Edwards said. Those include massage parlors, spas, tattoo parlors, carnivals, amusement parks, bars and breweries without food permits and more.""",https://www.npr.org/2020/05/01/847415273/south-coronavirus-related-restrictions-by-state#louisiana  and https://www.theadvocate.com/baton_rouge/news/coronavirus/article_ff5be800-939b-11ea-a93e-4b25026b037b.html?utm_medium=social&utm_source=twitter&utm_campaign=user-share
5/18/2020 9:52:08,Maine,5/1/2020,State-wide,,,,,,Face covering requirements for the public (non-workers) in certain situations,,,Some (cherry-picked) businesses closed; others allowed to operate possibly with extra requirements,"""Stage 1 also allows for the limited expansion of certain business, religious, and quality of life activities, with appropriate safety precautions: Limited drive-in, stay-in-your-vehicle religious services;  Drive-in movie theaters; Outdoor recreation: guided outdoor activities (hunting & fishing) and restricted use of golf and disc golf courses; State parks, state-owned public land trails, and historic sites; although certain coastal state parks will remain closed; 
Auto dealerships and car washes"" ",https://www.maine.gov/governor/mills/news/governor-mills-presents-safe-gradual-plan-restart-maines-economy-2020-04-28
5/28/2020 14:16:59,Maine,5/18/2020,Rural areas,,,,,,,,Bar and dine-in restaurant open with extra requirements,,"""Retail stores and restaurants will be allowed to reopen in rural counties without community spread starting May 11 and May 18, respectively, but reopenings in more populous areas are not scheduled until June.""",https://www.nytimes.com/interactive/2020/us/states-reopen-map-coronavirus.html
5/18/2020 9:57:39,Maryland,5/15/2020,State-wide,,,Shelter-in-place order lifted,,,Face covering requirements for the public (non-workers) in certain situations,,,Some (cherry-picked) businesses closed; others allowed to operate possibly with extra requirements,"""Governor Hogan announced that retail stores may reopen at up to 50 percent capacity, with curbside pickup and delivery strongly encouraged, and all public health precautions in place. Examples of businesses that may reopen include clothing and shoe stores, pet groomers, animal adoption shelters, car washes, art galleries, and bookstores.""  and ""Governor Hogan announced manufacturing may resume operations in a safe manner which protects the health of employees, with guidelines encouraging multiple shifts and other safety precautions."" and ""Churches and houses of worship may begin to safely hold religious services, at up to 50 percent capacity, with outdoor services strongly encouraged. Religious leaders are strongly urged to do everything possible to keep their congregants safe, and particularly to protect the elderly and vulnerable within their congregations."" and ""Some personal services, including barber shops and hair salons, may reopen with up to 50 percent capacity, by appointment only and with appropriate health and safety guidelines.",https://governor.maryland.gov/2020/05/13/stage-one-governor-hogan-announces-gradual-reopenings-with-flexible-community-based-approach/ and https://www.npr.org/847415273
5/18/2020 10:10:09,Massachusetts,5/6/2020,State-wide,,,,,,Face covering requirements for the public (non-workers) in certain situations,,,,"""Effective May 6, all residents over the age of two are required to wear a mask or face covering in public where maintaining social distance is not possible. The order applies to workers and customers of essential businesses as well as anyone using any transportation service or public mass transit.""",https://www.npr.org/847331283#massachusetts
5/28/2020 14:20:01,Massachusetts,5/18/2020,State-wide,,,Shelter-in-place order lifted,,,,,,Some (cherry-picked) businesses closed; others allowed to operate possibly with extra requirements,"""Stay-at-home advisory expired on May 18.
Gov. Charlie Baker, a Republican, announced a phased reopening with four stages scheduled to last three weeks apiece. The first reopenings included houses of worship on May 18 and will expand to include salons, offices and retail stores for curbside pickup on May 25.""",https://www.nytimes.com/interactive/2020/us/states-reopen-map-coronavirus.html
5/20/2020 13:20:21,Michigan,4/24/2020,State-wide,,,,,,Face covering requirements for the public (non-workers) in certain situations,,,,"""Today, Governor Gretchen Whitmer signed executive order 2020-59, extending her “Stay Home, Stay Safe” order through May 15. The new order will require people to wear homemade face coverings when they enter enclosed public spaces.""","https://www.michigan.gov/whitmer/0,9309,7-387-90499-526896--,00.html"
5/28/2020 14:23:20,Michigan,5/22/2020,Selected regions,,,Shelter-in-place order lifted,,,,,Bar and dine-in restaurant open with extra requirements,Some (cherry-picked) businesses closed; others allowed to operate possibly with extra requirements,"""Today, Governor Gretchen Whitmer signed Executive Order 2020-92, allowing for the reopening, in two regions, of retail businesses, office work that cannot be done remotely, and restaurants and bars with limited seating. The two regions are both in the northern part of the state—specifically, MERC regions 6 and 8, as detailed in the governor’s MI Safe Start Plan to re-engage Michigan’s economy. ""","https://www.michigan.gov/whitmer/0,9309,7-387-90499-529478--,00.html"
5/23/2020 9:01:12,Minnesota,5/18/2020,State-wide,,,Shelter-in-place order lifted,,,,,,Some (cherry-picked) businesses closed; others allowed to operate possibly with extra requirements,"""An executive order reopens certain businesses and activities from May 18 through May 31.""",https://www.npr.org/847413697#minnesota
5/23/2020 8:58:43,Mississippi,4/27/2020,State-wide,,,Shelter-in-place order lifted,,,,,,Some (cherry-picked) businesses closed; others allowed to operate possibly with extra requirements,"""Gov. Tate Reeves, a Republican, allowed the state’s stay-at-home order to expire April 27 and lifted restrictions on retail stores, which could reopen to customers with limits.""",https://www.nytimes.com/interactive/2020/us/states-reopen-map-coronavirus.html
5/23/2020 8:59:17,Mississippi,5/7/2020,State-wide,,,,,,,,Bar and dine-in restaurant open with extra requirements,Some (cherry-picked) businesses closed; others allowed to operate possibly with extra requirements,"""Restaurants were also permitted to allow some customers back inside for dining on May 7. """,https://www.nytimes.com/interactive/2020/us/states-reopen-map-coronavirus.html
5/23/2020 8:56:58,Missouri,5/3/2020,State-wide,,,Shelter-in-place order lifted,,,,,,Non-essential businesses allowed to operate possibly with extra requirements,"""Stay-at-home order expired on May 3."" and """"Gov. Mike Parson, a Republican, said he would reopen the economy starting May 4. Under the new order, all businesses, including large venues, concerts and movie theaters, are allowed to operate, as long as seating is spaced out to enforce social distancing.""",https://www.nytimes.com/interactive/2020/us/states-reopen-map-coronavirus.html
5/23/2020 8:55:29,Montana,4/27/2020,State-wide,,,,,,,,,Some (cherry-picked) businesses closed; others allowed to operate possibly with extra requirements,"""Gov. Steve Bullock, a Democrat, allowed reopening in phases, beginning with houses of worship on April 26, retail stores on April 27 and restaurants and bars on May 4.""",https://www.nytimes.com/interactive/2020/us/states-reopen-map-coronavirus.html
5/23/2020 8:56:01,Montana,5/4/2020,State-wide,,,,,,,,Bar and dine-in restaurant open with extra requirements,Some (cherry-picked) businesses closed; others allowed to operate possibly with extra requirements,"""Gov. Steve Bullock, a Democrat, allowed reopening in phases, beginning with houses of worship on April 26, retail stores on April 27 and restaurants and bars on May 4.""",https://www.nytimes.com/interactive/2020/us/states-reopen-map-coronavirus.html
5/23/2020 8:51:26,Nebraska,5/4/2020,Selected counties,,,,,,,,Bar and dine-in restaurant open with extra requirements,Some (cherry-picked) businesses closed; others allowed to operate possibly with extra requirements,"""Gov. Pete Ricketts, a Republican, announced a plan to reopen restaurants and salons in certain regions starting May 4.""",https://www.1011now.com/content/news/Restrictions-being-loosened-in-multiple-counties-in-Nebraska-570378031.html
5/23/2020 8:52:27,Nebraska,5/13/2020,Selected counties,,,,,,,,Bar and dine-in restaurant open with extra requirements,Some (cherry-picked) businesses closed; others allowed to operate possibly with extra requirements,"""Ricketts said on May 13, restrictions will be loosened in Burt, Madison, Cuming, and Stanton counties.""",https://www.1011now.com/content/news/Restrictions-being-loosened-in-multiple-counties-in-Nebraska-570378031.html
5/23/2020 8:53:00,Nebraska,5/18/2020,Selected counties,,,,,,,,Bar and dine-in restaurant open with extra requirements,Some (cherry-picked) businesses closed; others allowed to operate possibly with extra requirements,"""On May 18, restrictions will be loosened in Fillmore, Gage, Jefferson, Saline, Thayer, Adams, Clay, Nuckolls, Webster, Buffalo, Dawson, Franklin, Gosper, Harlan, Kearney ad Phelps counties.""",https://www.1011now.com/content/news/Restrictions-being-loosened-in-multiple-counties-in-Nebraska-570378031.html
5/23/2020 8:44:53,Nevada,5/1/2020,State-wide,,,,,,,,,Some (cherry-picked) businesses closed; others allowed to operate possibly with extra requirements,"""Gov. Steve Sisolak announced that the majority of stay-at-home measures would extend until May 15, with certain restrictions being lifted starting on May 1.""",https://www.npr.org/2020/05/01/847416108/west-coronavirus-related-restrictions-by-state#nevada
5/23/2020 8:45:38,Nevada,5/9/2020,State-wide,,,Shelter-in-place order lifted,Banned gatherings of a certain size,10,Face covering requirements for some workers,,Bar and dine-in restaurant open with extra requirements,Some (cherry-picked) businesses closed; others allowed to operate possibly with extra requirements,"""The state entered Phase 1 of reopening on May 9, allowing some businesses to reopen with strict social distancing requirements. Individuals are encouraged to stay home except for essential activities, and gatherings larger than 10 people remain prohibited. Vulnerable populations should continue to shelter in place.""",https://www.npr.org/2020/05/01/847416108/west-coronavirus-related-restrictions-by-state#nevada and https://nvhealthresponse.nv.gov/wp-content/uploads/2020/05/Declaration-of-Emergency-Directive-018.Phase-1-Reopening.5-7-20-1.pdf
5/23/2020 8:42:35,New Hampshire,5/4/2020,State-wide,,,,,,,,,Some (cherry-picked) businesses closed; others allowed to operate possibly with extra requirements,"""Under the revised stay-at-home order, campgrounds can open to New Hampshire residents and at limited capacity beginning May 4.""",https://www.npr.org/2020/05/01/847331283/northeast-coronavirus-related-restrictions-by-state#new-jersey
5/23/2020 8:43:12,New Hampshire,5/11/2020,State-wide,,,,,,,,,Some (cherry-picked) businesses closed; others allowed to operate possibly with extra requirements,"""As of May 11, private and public golf courses can open for residents and club members, in accordance with health guidelines. Barbers and hair salons can start offering limited services by appointment only. Retail locations can open at 50% occupancy and subject to strict guidelines. Drive-in movie theaters can resume operations.""",https://www.npr.org/2020/05/01/847331283/northeast-coronavirus-related-restrictions-by-state#new-jersey
5/23/2020 8:43:38,New Hampshire,5/18/2020,State-wide,,,,,,,,Bar and dine-in restaurant open with extra requirements,Some (cherry-picked) businesses closed; others allowed to operate possibly with extra requirements,"""Restaurants may choose to start offering outdoor seating beginning May 18. They must comply with specific health and safety guidelines.""",https://www.npr.org/2020/05/01/847331283/northeast-coronavirus-related-restrictions-by-state#new-jersey
5/23/2020 8:40:49,New Jersey,5/13/2020,State-wide,,,,,,,,,Some (cherry-picked) businesses closed; others allowed to operate possibly with extra requirements,"""Gov. Phil Murphy, a Democrat, has allowed limited reopenings for certain businesses and industries, but the state remains largely locked down. A May 13 executive order permits car gatherings for drive-through and drive-in events, effective immediately. It also allows the resumption of nonessential construction, and curbside pickup at nonessential retail businesses, effective 6:00 a.m. on May 18.""",https://www.npr.org/2020/05/01/847331283/northeast-coronavirus-related-restrictions-by-state#new-jersey
5/23/2020 8:22:24,New Mexico,5/16/2020,State-wide,,,,,,Face covering requirements for the public (non-workers) in certain situations,,,Some (cherry-picked) businesses closed; others allowed to operate possibly with extra requirements,"""Houses of worship can operate at 25% capacity. Individuals are required to wear face masks in public settings, effective statewide May 16.""",https://www.npr.org/2020/05/01/847416108/west-coronavirus-related-restrictions-by-state
5/30/2020 10:27:59,New Mexico,5/27/2020,State-wide,,,,,,,,Bar and dine-in restaurant open with extra requirements,,"""Restaurants in most of the state can open limited outdoor dine-in service beginning May 27.""",https://www.npr.org/847416108
5/30/2020 10:28:56,New Mexico,5/6/2020,State-wide,,,,,,Face covering requirements for some workers,,,,"""Beginning May 6, all large grocery and retail spaces, and all restaurants operating curbside and delivery service, must require employees to wear face coverings in the workplace. This order applies to all essential businesses operating as retail space, regardless of size, beginning May 11. """,https://www.npr.org/847416108
5/23/2020 8:08:29,New York,5/15/2020,State-wide,,,,,,,,,Some (cherry-picked) businesses closed; others allowed to operate possibly with extra requirements,"""Cuomo announced that certain low-risk businesses and recreational activities can resume statewide as of May 15. Those include landscaping and gardening, drive-in movie theaters and low-risk outdoor recreation like tennis.""",https://www.npr.org/2020/05/01/847331283/northeast-coronavirus-related-restrictions-by-state
5/30/2020 10:30:46,New York,4/15/2020,State-wide,,,,,,Face covering requirements for some workers,,,,"""Cuomo ordered all essential businesses to provide face coverings for their employees and ensure workers are wearing them when in direct contact with customers or members of the public, beginning April 15.""",https://www.npr.org/847331283#new-york
5/30/2020 10:33:16,New York,5/27/2020,Selected regions (based on specific metrics),,,,,,,,,Some (cherry-picked) businesses closed; others allowed to operate possibly with extra requirements,"""As of May 27, nine out of ten regions are in Phase 1.""",https://www.npr.org/847331283#new-york and https://www.governor.ny.gov/news/amid-ongoing-covid-19-pandemic-governor-cuomo-calls-us-senate-pass-coronavirus-relief-bill
5/23/2020 8:05:33,North Carolina,5/8/2020,State-wide,,,Shelter-in-place order lifted,,,,,,Some (cherry-picked) businesses closed; others allowed to operate possibly with extra requirements,"""Cooper signed an executive order modifying the stay-at-home order and transitioning the state into Phase 1 of easing restrictions, effective 5:00 p.m. on May 8.""",https://www.npr.org/847415273
5/23/2020 8:06:41,North Carolina,5/22/2020,State-wide,,,,Banned gatherings of a certain size,25,,,,Some (cherry-picked) businesses closed; others allowed to operate possibly with extra requirements,"""When North Carolina enters Phase 2 at 5:00 p.m. on May 22, the stay-at-home order will become a ""Safer at Home"" recommendation, especially for vulnerable populations. Gatherings are limited to 10 people indoors and 25 people outdoors in most circumstances. Certain businesses can open at limited capacity, and teleworking is encouraged. The Safer at Home Phase 2 is set to last through at least June 26.""",https://www.npr.org/847415273
5/23/2020 8:01:22,North Dakota,5/1/2020,State-wide,,,,,,,,,Some (cherry-picked) businesses closed; others allowed to operate possibly with extra requirements,"""Gov. Doug Burgum, a Republican, allowed a variety of businesses to reopen starting May 1.""",https://www.nytimes.com/interactive/2020/us/states-reopen-map-coronavirus.html
5/23/2020 8:02:07,North Dakota,5/9/2020,State-wide,,,,,,,,,Some (cherry-picked) businesses closed; others allowed to operate possibly with extra requirements,"""Marinas and boat ramps opened on May 9 and 10. Campgrounds will reopen May 21 for limited-service camping. """,https://www.npr.org/847413697
5/20/2020 13:58:40,Ohio,5/4/2020,State-wide,,,,,,Face covering requirements for some workers,,,Some (cherry-picked) businesses closed; others allowed to operate possibly with extra requirements,"“On April 27, DeWine announced the first steps of economic reopening. Manufacturing, construction and distribution can reopen starting May 4. General office environments can also reopen that day, but teleworking is encouraged. ”",https://www.npr.org/847413697
5/20/2020 13:59:04,Ohio,5/12/2020,State-wide,,,,,,,,,Some (cherry-picked) businesses closed; others allowed to operate possibly with extra requirements,"“Consumer, retail and other services may resume starting May 12. All businesses must follow specific social distancing guidelines.”",https://www.npr.org/847413697
5/20/2020 14:00:03,Ohio,5/15/2020,State-wide,,,,,,,,Bar and dine-in restaurant open with extra requirements,,"“Restaurants and bars can reopen outdoor dining on May 15 and dine-in service on May 21, in line with recommended and mandatory best practices.”",https://www.npr.org/847413697
5/20/2020 13:47:41,Oklahoma,4/24/2020,State-wide,,,,,,,,,Some (cherry-picked) businesses closed; others allowed to operate possibly with extra requirements,"“Beginning April 24, personal care businesses can reopen for appointments if they adhere to strict sanitation protocols and are located in communities without additional restrictions in place. State parks and outdoor recreation areas can also reopen.”",https://www.npr.org/847415273#oklahoma
5/20/2020 13:48:28,Oklahoma,5/1/2020,State-wide,,,,,,,,Bar and dine-in restaurant open with extra requirements,Some (cherry-picked) businesses closed; others allowed to operate possibly with extra requirements,"“Beginning May 1, restaurant dining rooms, movie theaters and gyms may reopen, provided they enforce strict sanitation and social distancing measures. Tattoo parlors can reopen only for appointments, and places of worship can reopen if they leave every other row or pew open.”",https://www.npr.org/847415273#oklahoma
5/20/2020 13:33:45,Oregon,5/5/2020,State-wide,,,,,,,,,Some (cherry-picked) businesses closed; others allowed to operate possibly with extra requirements,"""Brown announced the limited reopening of some state parks, outdoor recreation facilities and ski areas beginning May 5. """,https://www.npr.org/847416108#oregon
5/20/2020 13:41:25,Oregon,5/15/2020,Selected counties (based on specific metrics),,,,,,,,Bar and dine-in restaurant open with extra requirements,Some (cherry-picked) businesses closed; others allowed to operate possibly with extra requirements,"""Beginning May 15 across the state, standalone retail businesses such as furniture stores, art galleries, jewelry shops and boutiques can reopen if they comply with state guidelines."" and ""Restaurants and bars can reopen for limited sit-down service until 10:00 p.m., personal care services like salons and gyms can resume limited operations and local in-person gatherings of up to 25 people are permitted. All retail businesses, including malls and shopping centers, can open.""",https://www.npr.org/847416108#oregon
5/20/2020 13:21:44,Pennsylvania,5/8/2020,Selected counties (based on specific metrics),,,Shelter-in-place order lifted,Banned gatherings of a certain size,25,,,Bar and dine-in restaurant open with extra requirements,Some (cherry-picked) businesses closed; others allowed to operate possibly with extra requirements,"""On May 8, 24 counties moved into the yellow phase of reopening. In the yellow or ""aggressive mitigation"" phase, some restrictions on work and social interaction are lifted while limits on gathering size and closures of certain businesses remain in place. "" and ""Restaurants and Bars May Open Outdoor Dining, in Addition to Carry-Out and Delivery "" and ""In-Person Retail Allowable, Curbside and Delivery Preferable""",https://www.npr.org/2020/05/01/847331283/northeast-coronavirus-related-restrictions-by-state#pennsylvania and https://www.governor.pa.gov/plan-for-pennsylvania/ and https://www.governor.pa.gov/process-to-reopen-pennsylvania/#A
5/20/2020 13:22:58,Pennsylvania,5/15/2020,Selected counties (based on specific metrics),,,Shelter-in-place order lifted,Banned gatherings of a certain size,25,,,Bar and dine-in restaurant open with extra requirements,Some (cherry-picked) businesses closed; others allowed to operate possibly with extra requirements,"""An additional 13 counties entered the yellow phase on May 15.""",https://www.npr.org/2020/05/01/847331283/northeast-coronavirus-related-restrictions-by-state#pennsylvania and https://www.governor.pa.gov/process-to-reopen-pennsylvania/#A
5/20/2020 13:22:58,Pennsylvania,5/15/2020,Selected counties (based on specific metrics),,,Shelter-in-place order lifted,Banned gatherings of a certain size,25,,,Bar and dine-in restaurant open with extra requirements,Some (cherry-picked) businesses closed; others allowed to operate possibly with extra requirements,"""Another 12 counties moved to the yellow phase on May 22.""",https://www.npr.org/2020/05/01/847331283/northeast-coronavirus-related-restrictions-by-state#pennsylvania and https://www.governor.pa.gov/process-to-reopen-pennsylvania/#A
5/11/2020 11:30:43,Puerto Rico,5/4/2020,State-wide,,,,,,Face covering requirements for some workers,,,Non-essential businesses allowed to operate possibly with extra requirements,"""Beginning May 4, some smaller businesses are allowed to open if they practice social distancing and provide protective equipment to employees. Examples include professional services organizations like mortgage brokers, real estate agents, accountants, engineers and medical specialists."" and """" Everyone must wear a mask when entering any business.""""",https://www.npr.org/2020/05/01/847415273/south-coronavirus-related-restrictions-by-state
5/11/2020 11:30:43,Puerto Rico,4/27/2020,State-wide,,Travel restrictions for out of state travelers,,,,,,,,"""Additionally, we were the first in the nation to activate the Puero Rico National Gudard to impose the first 100% passenger health screening at the airports. Futhermore, every individual must submit to 14 days of mandatory quarantine upon arrival to the island. the Governor also announced the closure of ports to all cruise ships on the island.""",https://twitter.com/wandavazquezg/status/1255217473412087814?s=20
5/18/2020 14:58:44,Rhode Island,5/8/2020,State-wide,,,Shelter-in-place order lifted,,,,,Bar and dine-in restaurant open with extra requirements,Some (cherry-picked) businesses closed; others allowed to operate possibly with extra requirements,"""Gov. Henry McMaster, a Republican, was among the last to issue a stay-at-home order and was also among the first to begin opening up his state, starting April 20. The reopening began with retail stores, which are under instructions to operate at 20 percent capacity."" and """"Certain parks reopened for day use on May 9. Visitors must bring face coverings, and indoor spaces, playgrounds and athletic fields are closed.""",https://www.nytimes.com/interactive/2020/us/states-reopen-map-coronavirus.html
5/18/2020 15:00:45,Rhode Island,4/18/2020,State-wide,,,,,,Face covering requirements for the public (non-workers) in certain situations,,,,"""Raimondo signed an executive order requiring client-facing businesses and nonprofits to provide face coverings to all employees, to be worn in the workplace with few exceptions. Businesses must also direct customers to wear face coverings. The order is effective April 18 for at least one month, and compliance will be monitored through Department of Business Regulation spot checks.""",https://www.npr.org/847331283#rhode-island
5/18/2020 14:57:55,South Carolina,4/20/2020,State-wide,,,,,,,,,Some (cherry-picked) businesses closed; others allowed to operate possibly with extra requirements,"""The order also reopens certain retail stores beginning 5:00 p.m. on April 20, and requires them to adhere to strict social distancing requirements. Examples of operational retailers include furniture stores, clothing and shoe stores, book and craft stores, flea markets, florists and department stores except for hardware and home improvement stores.""",https://www.nytimes.com/interactive/2020/us/states-reopen-map-coronavirus.html
5/18/2020 14:53:37,South Carolina,4/27/2020,State-wide,,Travel restrictions for out of state travelers lifted,,,,,,,,"""The governor lifted an order that previously required travelers from New York, New Jersey, Connecticut, and Louisiana to self-quarantine for 14 days.""",https://www.npr.org/847415273
5/18/2020 14:57:08,South Carolina,5/4/2020,State-wide,,,Shelter-in-place order lifted,,,,,Bar and dine-in restaurant open with extra requirements,,"""McMaster lifted the order on May 4."" and ""Once the ""home or work"" order expired on May 4, restaurants were able to resume outdoor customer dining services in line with sanitation and social distancing guidelines. """,https://www.nytimes.com/interactive/2020/us/states-reopen-map-coronavirus.html and https://www.npr.org/847415273
5/18/2020 14:57:08,South Carolina,5/18/2020,State-wide,,,,,,,,,Some (cherry-picked) businesses closed; others allowed to operate possibly with extra requirements,"""Close contact service providers, fitness and exercise centers, commercial gyms — including group exercise classes — and public or commercial pools can open in a limited capacity beginning May 18.""",https://www.nytimes.com/interactive/2020/us/states-reopen-map-coronavirus.html
5/18/2020 14:17:59,Tennessee,4/30/2020,State-wide,,,Shelter-in-place order lifted,,,,,Bar and dine-in restaurant open with extra requirements,Some (cherry-picked) businesses closed; others allowed to operate possibly with extra requirements,,https://www.nytimes.com/interactive/2020/us/states-reopen-map-coronavirus.html
5/15/2020 0:32:04,Texas,5/1/2020,State-wide,,,,,,,,,Some (cherry-picked) businesses closed; others allowed to operate possibly with extra requirements,"""The state will be in its first phase of reopening from May 1 until at least May 18. Certain businesses and services may resume operations if they limit capacity and follow strict protocols.""",https://www.npr.org/847415273
5/15/2020 0:33:38,Texas,5/1/2020,State-wide,,Travel restrictions for out of state travelers lifted,,,,,,Bar and dine-in restaurant open with extra requirements,Some (cherry-picked) businesses closed; others allowed to operate possibly with extra requirements,"""Beginning May 1, the mandatory 14-day quarantine period is no longer required for travelers from Louisiana. It remains in place for travelers from California, Connecticut, New York, New Jersey and Washington state, as well as the cities of Atlanta, Chicago, Detroit and Miami."" and """"All retail stores, restaurants, movie theaters and malls were allowed to reopen May 1, with limited capacity.""""",https://www.npr.org/847415273 and https://www.nytimes.com/interactive/2020/us/states-reopen-map-coronavirus.html
5/15/2020 0:29:45,Utah,5/1/2020,State-wide,,,Shelter-in-place order lifted,Banned gatherings of a certain size,20,,,Bar and dine-in restaurant open with extra requirements,Non-essential businesses allowed to operate possibly with extra requirements,"""The state moved from the ""high risk"" phase to the ""moderate phase"" of its recovery timeline on May 1. "" and ""Previously closed businesses like gyms, bars and personal care services can reopen if they exercise strict precautions. Dine-in services can resume if restaurants meet specific distancing and hygiene requirements, though takeout and delivery are encouraged."" and ""Private social interactions are allowable in groups of 20 or fewer in the moderate-risk phase,""",https://www.npr.org/2020/05/01/847416108/west-coronavirus-related-restrictions-by-state
5/15/2020 0:29:45,Utah,5/16/2020,Selected counties (most of state),,,,Banned gatherings of a certain size,50,,,,,"""Herbert announced that much of the state will move into the ""low risk"" phase on May 16""  and ""In the yellow or low-risk phase, most residents are no longer asked to ""leave home infrequently."" While schools remain closed, opportunities for driver's education will reopen. The gathering limit for private social interactions grows from 20 to 50 people. """,https://www.npr.org/2020/05/01/847416108/west-coronavirus-related-restrictions-by-state
5/11/2020 14:56:24,Vermont,4/20/2020,State-wide,,,,,,Face covering requirements for the public (non-workers) in certain situations,,,Some (cherry-picked) businesses closed; others allowed to operate possibly with extra requirements,"""The Agency of Commerce and Community Development has issued guidance authorizing certain outdoor businesses, construction operations and professional services to operate if they can meet specific safety requirements, beginning April 20."" and ""An executive order requires the use of cloth face coverings in public ""wherever close contact is unavoidable,"" including while using public transit and ride-sharing services, beginning April 20.""",https://www.npr.org/847331283#vermont
5/11/2020 14:57:43,Vermont,4/24/2020,State-wide,,,,,,,,,Some (cherry-picked) businesses closed; others allowed to operate possibly with extra requirements,"""The order also allows additional operations to reopen, provided they can comply with the outlined measures. Certain manufacturing, distributing and construction operations can resume with a maximum of five workers per location. Outdoor retail space can allow in-person shopping with a maximum of 10 people present. Upon approval from local municipalities, farmers' markets may reopen beginning May 1 with specific restrictions in place.""",https://www.npr.org/847331283#vermont
5/11/2020 14:58:32,Vermont,5/4/2020,State-wide,,,,Banned gatherings of a certain size,10,,,,Some (cherry-picked) businesses closed; others allowed to operate possibly with extra requirements,"""Scott announced that effective May 4, crews of 10 people or fewer can perform outdoor and construction work in unoccupied job sites. Manufacturing and distribution operations may resume with a maximum of 10 employees in any one location. Effective May 11, manufacturing, construction and distribution operations may restart with ""as few employees as necessary to permit full operations"" if they meet all health and safety requirements and develop enhanced training programs.""",https://www.npr.org/847331283#vermont
5/11/2020 14:45:07,Virginia,5/1/2020,State-wide,,,,,,,,,Some (cherry-picked) businesses closed; others allowed to operate possibly with extra requirements,"""Northam announced that non-emergency surgeries and dental procedures can resume beginning May 1, and must adhere to safety and supply guidelines.""",https://www.npr.org/2020/05/01/847415273/south-coronavirus-related-restrictions-by-state
5/11/2020 14:45:07,Virginia,5/15/2020,Selected counties (most of state),,,,,,,,Bar and dine-in restaurant open with extra requirements,Some (cherry-picked) businesses closed; others allowed to operate possibly with extra requirements,"""Gov. Ralph Northam, a Democrat, announced that most of Virginia would begin its first phase of reopening starting May 15, when salons could open by appointment and restaurants and bars could allow outdoor dining. The reopening excludes northern Virginia, near Washington, D.C., which is expected to be shut down until at least May 28.""",https://www.nytimes.com/interactive/2020/us/states-reopen-map-coronavirus.html
5/11/2020 14:40:47,Washington,5/5/2020,State-wide,,,,,,,,,Some (cherry-picked) businesses closed; others allowed to operate possibly with extra requirements,"""Inslee signed an executive order on May 4 implementing the state's ""Safe Start"" recovery plan. The plan allows smaller counties to apply for a variance from the order, enabling them to loosen some restrictions. Washington entered the first phase of gradual reopening on May 5.""",https://www.npr.org/847416108
5/11/2020 14:40:47,Washington,5/11/2020,Selected counties (based on specific metrics),,,,,,,,Bar and dine-in restaurant open with extra requirements,Some (cherry-picked) businesses closed; others allowed to operate possibly with extra requirements,"""For counties in Phase 2, limited in-store retail and additional manufacturing operations can resume effective May 12, in line with industry-specific guidance."" and ""For counties in Phase 2, personal care and professional services can resume as of May 13, in line with state guidance."" and ""For counties in Phase 2, additional outdoor recreation activities may resume as of May 14 in line with guidance. Permitted activities include guided ATV, paddle sports and horseback riding, tennis, guided fishing, go-carting, ORV/motocross and participant-only motorsports."" and ""Inslee issued guidance for partially reopening the dine-in restaurant and tavern industry in counties granted variance to enter Phase 2, effective May 11.""",https://www.npr.org/847416108
5/11/2020 14:34:06,West Virginia,4/30/2020,State-wide,,,Shelter-in-place order lifted,Banned gatherings of a certain size,25,,,,Some (cherry-picked) businesses closed; others allowed to operate possibly with extra requirements,"""On April 29, Justice announced that the first phase of reopening would officially begin the following day."" and ""Under the Safer at Home order, people are ""strongly encouraged"" to remain in their homes, especially if they are elderly or medically vulnerable. Some businesses and services can resume limited operations. Public gatherings of larger than 25 people are prohibited.""",https://www.npr.org/2020/05/01/847415273/south-coronavirus-related-restrictions-by-state
5/11/2020 14:34:06,West Virginia,5/4/2020,State-wide,,,,,,,,Bar and dine-in restaurant open with extra requirements,Some (cherry-picked) businesses closed; others allowed to operate possibly with extra requirements,"""Since the Week 2 phase began on May 4, small businesses, personal care service businesses, outdoor restaurant dining and in-person religious services can reopen in compliance with strict guidelines.""",https://www.npr.org/2020/05/01/847415273/south-coronavirus-related-restrictions-by-state
5/11/2020 12:00:38,Wisconsin,4/27/2020,State-wide,,,,,,,,,Non-essential businesses allowed to operate possibly with extra requirements,"“An April 27 executive order further eases restrictions on certain businesses. Nonessential businesses can do curbside drop-offs of goods and animals. Rentals of outdoor recreational vehicles like boats and golf carts can resume, and automatic and self-service car washes can operate. All of the businesses must operate ""free of contact with customers"" by taking payments online or by phone; they must also follow disinfecting practices.”",https://www.npr.org/2020/05/01/847413697/midwest-coronavirus-related-restrictions-by-state#wisconsin
5/11/2020 12:00:38,Wisconsin,5/13/2020,State-wide,,,Shelter-in-place order lifted,,,,,,,"""The state Supreme Court struck down Gov. Tony Evers's stay-at-home order on May 13, in a ruling that appeared to be effective immediately.""",https://www.npr.org/2020/05/01/847413697/midwest-coronavirus-related-restrictions-by-state#wisconsin
5/11/2020 11:40:49,Wyoming,5/1/2020,State-wide,,,,Banned gatherings of a certain size,10,,,,Some (cherry-picked) businesses closed; others allowed to operate possibly with extra requirements,"""Public health orders effective May 1 allow gyms, barber shops, hair salons and other personal care services to reopen under certain conditions. Child care and home day care centers may also operate with specific precautions. Businesses that choose to remain closed will still be eligible for Small Business Administration assistance."" and ""These include limiting groups of people to fewer than 10 per room and implementing screening and cleaning protocols. """,https://www.npr.org/2020/05/01/847416108/west-coronavirus-related-restrictions-by-state and https://governor.wyo.gov/media/news-releases/2020-news-releases/governor-gordon-authorizes-re-opening-of-gyms-personal-care-services-under
5/11/2020 11:40:49,Wyoming,5/8/2020,State-wide,,Travel restrictions for out of state travelers lifted,,,,,,,,"""Beginning May 8, out-of-state travelers are no longer required to self-quarantine, though they are urged to be careful.""",https://www.npr.org/2020/05/01/847416108/west-coronavirus-related-restrictions-by-state
5/11/2020 11:40:49,Wyoming,5/15/2020,State-wide,,,,Banned gatherings of a certain size,25,,,,,"""A modified public health order effective May 15 eases restrictions on certain businesses and increases the maximum gathering size to 25 people.""",https://www.npr.org/2020/05/01/847416108/west-coronavirus-related-restrictions-by-state